[0.000000] (-) TimerEvent: {}
[0.000263] (altair_robot) JobQueued: {'identifier': 'altair_robot', 'dependencies': OrderedDict()}
[0.000326] (lidar_processing) JobQueued: {'identifier': 'lidar_processing', 'dependencies': OrderedDict()}
[0.000405] (sllidar_ros2) JobQueued: {'identifier': 'sllidar_ros2', 'dependencies': OrderedDict()}
[0.000513] (altair_robot) JobStarted: {'identifier': 'altair_robot'}
[0.006966] (lidar_processing) JobStarted: {'identifier': 'lidar_processing'}
[0.012492] (sllidar_ros2) JobStarted: {'identifier': 'sllidar_ros2'}
[0.099200] (-) TimerEvent: {}
[0.199586] (-) TimerEvent: {}
[0.300049] (-) TimerEvent: {}
[0.400495] (-) TimerEvent: {}
[0.500926] (-) TimerEvent: {}
[0.601303] (-) TimerEvent: {}
[0.701697] (-) TimerEvent: {}
[0.712439] (sllidar_ros2) JobProgress: {'identifier': 'sllidar_ros2', 'progress': 'cmake'}
[0.713010] (sllidar_ros2) Command: {'cmd': ['/usr/bin/cmake', '/home/altair/rplidarA1/ros2_ws/src/sllidar_ros2', '-DAMENT_CMAKE_SYMLINK_INSTALL=1', '-DCMAKE_INSTALL_PREFIX=/home/altair/rplidarA1/install/sllidar_ros2'], 'cwd': '/home/altair/rplidarA1/build/sllidar_ros2', 'env': OrderedDict([('GJS_DEBUG_TOPICS', 'JS ERROR;JS LOG'), ('LESSOPEN', '| /usr/bin/lesspipe %s'), ('LANGUAGE', 'ja_JP'), ('USER', 'altair'), ('XDG_SESSION_TYPE', 'x11'), ('SHLVL', '1'), ('LD_LIBRARY_PATH', '/usr/local/lib:/opt/ros/humble/opt/rviz_ogre_vendor/lib:/opt/ros/humble/lib/x86_64-linux-gnu:/opt/ros/humble/lib'), ('HOME', '/home/altair'), ('OLDPWD', '/home/altair'), ('TERM_PROGRAM_VERSION', '20240203-110809-5046fc22'), ('DESKTOP_SESSION', 'ubuntu'), ('NVM_BIN', '/home/altair/.nvm/versions/node/v14.21.3/bin'), ('NVM_INC', '/home/altair/.nvm/versions/node/v14.21.3/include/node'), ('GIO_LAUNCHED_DESKTOP_FILE', '/usr/share/applications/org.wezfurlong.wezterm.desktop'), ('ROS_PYTHON_VERSION', '3'), ('GNOME_SHELL_SESSION_MODE', 'ubuntu'), ('GTK_MODULES', 'gail:atk-bridge'), ('XDG_SEAT_PATH', '/org/freedesktop/DisplayManager/Seat0'), ('MANAGERPID', '992'), ('SYSTEMD_EXEC_PID', '5400'), ('DBUS_SESSION_BUS_ADDRESS', 'unix:path=/run/user/1000/bus'), ('COLORTERM', 'truecolor'), ('GIO_LAUNCHED_DESKTOP_FILE_PID', '6337'), ('NVM_DIR', '/home/altair/.nvm'), ('WEZTERM_EXECUTABLE', '/usr/bin/wezterm-gui'), ('IM_CONFIG_PHASE', '1'), ('COLCON_PREFIX_PATH', '/home/altair/rplidarA1/ros2_ws/install'), ('ROS_DISTRO', 'humble'), ('GTK_IM_MODULE', 'ibus'), ('LOGNAME', 'altair'), ('JOURNAL_STREAM', '8:14292'), ('_', '/usr/bin/colcon'), ('ROS_VERSION', '2'), ('XDG_SESSION_CLASS', 'user'), ('TERM', 'xterm-256color'), ('GNOME_DESKTOP_SESSION_ID', 'this-is-deprecated'), ('WEZTERM_CONFIG_FILE', '/home/altair/.wezterm.lua'), ('ROS_LOCALHOST_ONLY', '0'), ('HISTCONTROL', 'ignoredups:'), ('WEZTERM_EXECUTABLE_DIR', '/usr/bin'), ('PATH', '/home/altair/.local/bin:/home/altair/spresenseenv/usr/bin:/home/altair/.nvm/versions/node/v14.21.3/bin:/opt/ros/humble/bin:/home/altair/.local/bin:/usr/local/sbin:/usr/local/bin:/usr/sbin:/usr/bin:/sbin:/bin:/usr/games:/usr/local/games:/snap/bin:/snap/bin:/home/altair/command:/home/altair/.local/bin'), ('SESSION_MANAGER', 'local/altair-HCAR5000-MI:@/tmp/.ICE-unix/5370,unix/altair-HCAR5000-MI:/tmp/.ICE-unix/5370'), ('GDM_LANG', 'ja_JP'), ('INVOCATION_ID', '97c49907982e4544a857ef33d3fec5f6'), ('XDG_SESSION_PATH', '/org/freedesktop/DisplayManager/Session0'), ('XDG_MENU_PREFIX', 'gnome-'), ('XDG_RUNTIME_DIR', '/run/user/1000'), ('DISPLAY', ':0'), ('LANG', 'ja_JP.UTF-8'), ('XDG_CURRENT_DESKTOP', 'ubuntu:GNOME'), ('XMODIFIERS', '@im=ibus'), ('XDG_SESSION_DESKTOP', 'ubuntu'), ('XAUTHORITY', '/home/altair/.Xauthority'), ('LS_COLORS', 'rs=0:di=01;34:ln=01;36:mh=00:pi=40;33:so=01;35:do=01;35:bd=40;33;01:cd=40;33;01:or=40;31;01:mi=00:su=37;41:sg=30;43:ca=30;41:tw=30;42:ow=34;42:st=37;44:ex=01;32:*.tar=01;31:*.tgz=01;31:*.arc=01;31:*.arj=01;31:*.taz=01;31:*.lha=01;31:*.lz4=01;31:*.lzh=01;31:*.lzma=01;31:*.tlz=01;31:*.txz=01;31:*.tzo=01;31:*.t7z=01;31:*.zip=01;31:*.z=01;31:*.dz=01;31:*.gz=01;31:*.lrz=01;31:*.lz=01;31:*.lzo=01;31:*.xz=01;31:*.zst=01;31:*.tzst=01;31:*.bz2=01;31:*.bz=01;31:*.tbz=01;31:*.tbz2=01;31:*.tz=01;31:*.deb=01;31:*.rpm=01;31:*.jar=01;31:*.war=01;31:*.ear=01;31:*.sar=01;31:*.rar=01;31:*.alz=01;31:*.ace=01;31:*.zoo=01;31:*.cpio=01;31:*.7z=01;31:*.rz=01;31:*.cab=01;31:*.wim=01;31:*.swm=01;31:*.dwm=01;31:*.esd=01;31:*.jpg=01;35:*.jpeg=01;35:*.mjpg=01;35:*.mjpeg=01;35:*.gif=01;35:*.bmp=01;35:*.pbm=01;35:*.pgm=01;35:*.ppm=01;35:*.tga=01;35:*.xbm=01;35:*.xpm=01;35:*.tif=01;35:*.tiff=01;35:*.png=01;35:*.svg=01;35:*.svgz=01;35:*.mng=01;35:*.pcx=01;35:*.mov=01;35:*.mpg=01;35:*.mpeg=01;35:*.m2v=01;35:*.mkv=01;35:*.webm=01;35:*.webp=01;35:*.ogm=01;35:*.mp4=01;35:*.m4v=01;35:*.mp4v=01;35:*.vob=01;35:*.qt=01;35:*.nuv=01;35:*.wmv=01;35:*.asf=01;35:*.rm=01;35:*.rmvb=01;35:*.flc=01;35:*.avi=01;35:*.fli=01;35:*.flv=01;35:*.gl=01;35:*.dl=01;35:*.xcf=01;35:*.xwd=01;35:*.yuv=01;35:*.cgm=01;35:*.emf=01;35:*.ogv=01;35:*.ogx=01;35:*.aac=00;36:*.au=00;36:*.flac=00;36:*.m4a=00;36:*.mid=00;36:*.midi=00;36:*.mka=00;36:*.mp3=00;36:*.mpc=00;36:*.ogg=00;36:*.ra=00;36:*.wav=00;36:*.oga=00;36:*.opus=00;36:*.spx=00;36:*.xspf=00;36:'), ('TERM_PROGRAM', 'WezTerm'), ('SSH_AGENT_LAUNCHER', 'gnome-keyring'), ('SSH_AUTH_SOCK', '/run/user/1000/keyring/ssh'), ('ROS_DOMAIN_ID', '0'), ('XDG_GREETER_DATA_DIR', '/var/lib/lightdm-data/altair'), ('AMENT_PREFIX_PATH', '/home/altair/rplidarA1/ros2_ws/install/sllidar_ros2:/home/altair/rplidarA1/ros2_ws/install/lidar_processing:/home/altair/rplidarA1/ros2_ws/install/altair_robot:/opt/ros/humble'), ('SHELL', '/bin/bash'), ('QT_ACCESSIBILITY', '1'), ('GDMSESSION', 'ubuntu'), ('LESSCLOSE', '/usr/bin/lesspipe %s %s'), ('GPG_AGENT_INFO', '/run/user/1000/gnupg/S.gpg-agent:0:1'), ('GJS_DEBUG_OUTPUT', 'stderr'), ('WEZTERM_CONFIG_DIR', '/home/altair'), ('QT_IM_MODULE', 'ibus'), ('PWD', '/home/altair/rplidarA1/build/sllidar_ros2'), ('LC_ALL', 'ja_JP.UTF-8'), ('XDG_CONFIG_DIRS', '/etc/xdg/xdg-ubuntu:/etc/xdg'), ('NVM_CD_FLAGS', ''), ('XDG_DATA_DIRS', '/usr/share/ubuntu:/usr/share/gnome:/usr/local/share:/usr/share:/var/lib/snapd/desktop'), ('WEZTERM_UNIX_SOCKET', '/run/user/1000/wezterm/gui-sock-6337'), ('PYTHONPATH', '/home/altair/rplidarA1/ros2_ws/build/lidar_processing:/home/altair/rplidarA1/ros2_ws/install/lidar_processing/lib/python3.10/site-packages:/home/altair/rplidarA1/ros2_ws/build/altair_robot:/home/altair/rplidarA1/ros2_ws/install/altair_robot/lib/python3.10/site-packages:/opt/ros/humble/lib/python3.10/site-packages:/opt/ros/humble/local/lib/python3.10/dist-packages'), ('WEZTERM_PANE', '0'), ('COLCON', '1'), ('CMAKE_PREFIX_PATH', '/home/altair/rplidarA1/ros2_ws/install/sllidar_ros2:/home/altair/rplidarA1/ros2_ws/install/lidar_processing:/home/altair/rplidarA1/ros2_ws/install/altair_robot:/opt/ros/humble')]), 'shell': False}
[0.801816] (-) TimerEvent: {}
[0.814934] (sllidar_ros2) StdoutLine: {'line': b'-- The C compiler identification is GNU 11.4.0\n'}
[0.901944] (-) TimerEvent: {}
[0.903711] (sllidar_ros2) StdoutLine: {'line': b'-- The CXX compiler identification is GNU 11.4.0\n'}
[0.919722] (sllidar_ros2) StdoutLine: {'line': b'-- Detecting C compiler ABI info\n'}
[0.995767] (sllidar_ros2) StdoutLine: {'line': b'-- Detecting C compiler ABI info - done\n'}
[1.002035] (-) TimerEvent: {}
[1.002559] (sllidar_ros2) StdoutLine: {'line': b'-- Check for working C compiler: /usr/bin/cc - skipped\n'}
[1.002976] (sllidar_ros2) StdoutLine: {'line': b'-- Detecting C compile features\n'}
[1.003555] (sllidar_ros2) StdoutLine: {'line': b'-- Detecting C compile features - done\n'}
[1.007870] (sllidar_ros2) StdoutLine: {'line': b'-- Detecting CXX compiler ABI info\n'}
[1.086462] (sllidar_ros2) StdoutLine: {'line': b'-- Detecting CXX compiler ABI info - done\n'}
[1.093693] (sllidar_ros2) StdoutLine: {'line': b'-- Check for working CXX compiler: /usr/bin/c++ - skipped\n'}
[1.093981] (sllidar_ros2) StdoutLine: {'line': b'-- Detecting CXX compile features\n'}
[1.094292] (sllidar_ros2) StdoutLine: {'line': b'-- Detecting CXX compile features - done\n'}
[1.099689] (sllidar_ros2) StdoutLine: {'line': b'-- Found ament_cmake: 1.3.14 (/opt/ros/humble/share/ament_cmake/cmake)\n'}
[1.102132] (-) TimerEvent: {}
[1.202433] (-) TimerEvent: {}
[1.302792] (-) TimerEvent: {}
[1.403192] (-) TimerEvent: {}
[1.452138] (sllidar_ros2) StdoutLine: {'line': b'-- Found Python3: /usr/bin/python3 (found version "3.10.12") found components: Interpreter \n'}
[1.503282] (-) TimerEvent: {}
[1.504093] (lidar_processing) Command: {'cmd': ['/usr/bin/python3', '-W', 'ignore:setup.py install is deprecated', '-W', 'ignore:easy_install command is deprecated', 'setup.py', 'develop', '--editable', '--build-directory', '/home/altair/rplidarA1/build/lidar_processing/build', '--no-deps', 'symlink_data'], 'cwd': '/home/altair/rplidarA1/build/lidar_processing', 'env': {'GJS_DEBUG_TOPICS': 'JS ERROR;JS LOG', 'LESSOPEN': '| /usr/bin/lesspipe %s', 'LANGUAGE': 'ja_JP', 'USER': 'altair', 'XDG_SESSION_TYPE': 'x11', 'SHLVL': '1', 'LD_LIBRARY_PATH': '/usr/local/lib:/opt/ros/humble/opt/rviz_ogre_vendor/lib:/opt/ros/humble/lib/x86_64-linux-gnu:/opt/ros/humble/lib', 'HOME': '/home/altair', 'OLDPWD': '/home/altair', 'TERM_PROGRAM_VERSION': '20240203-110809-5046fc22', 'DESKTOP_SESSION': 'ubuntu', 'NVM_BIN': '/home/altair/.nvm/versions/node/v14.21.3/bin', 'NVM_INC': '/home/altair/.nvm/versions/node/v14.21.3/include/node', 'GIO_LAUNCHED_DESKTOP_FILE': '/usr/share/applications/org.wezfurlong.wezterm.desktop', 'ROS_PYTHON_VERSION': '3', 'GNOME_SHELL_SESSION_MODE': 'ubuntu', 'GTK_MODULES': 'gail:atk-bridge', 'XDG_SEAT_PATH': '/org/freedesktop/DisplayManager/Seat0', 'MANAGERPID': '992', 'SYSTEMD_EXEC_PID': '5400', 'DBUS_SESSION_BUS_ADDRESS': 'unix:path=/run/user/1000/bus', 'COLORTERM': 'truecolor', 'GIO_LAUNCHED_DESKTOP_FILE_PID': '6337', 'NVM_DIR': '/home/altair/.nvm', 'WEZTERM_EXECUTABLE': '/usr/bin/wezterm-gui', 'IM_CONFIG_PHASE': '1', 'COLCON_PREFIX_PATH': '/home/altair/rplidarA1/ros2_ws/install', 'ROS_DISTRO': 'humble', 'GTK_IM_MODULE': 'ibus', 'LOGNAME': 'altair', 'JOURNAL_STREAM': '8:14292', '_': '/usr/bin/colcon', 'ROS_VERSION': '2', 'XDG_SESSION_CLASS': 'user', 'TERM': 'xterm-256color', 'GNOME_DESKTOP_SESSION_ID': 'this-is-deprecated', 'WEZTERM_CONFIG_FILE': '/home/altair/.wezterm.lua', 'ROS_LOCALHOST_ONLY': '0', 'HISTCONTROL': 'ignoredups:', 'WEZTERM_EXECUTABLE_DIR': '/usr/bin', 'PATH': '/home/altair/.local/bin:/home/altair/spresenseenv/usr/bin:/home/altair/.nvm/versions/node/v14.21.3/bin:/opt/ros/humble/bin:/home/altair/.local/bin:/usr/local/sbin:/usr/local/bin:/usr/sbin:/usr/bin:/sbin:/bin:/usr/games:/usr/local/games:/snap/bin:/snap/bin:/home/altair/command:/home/altair/.local/bin', 'SESSION_MANAGER': 'local/altair-HCAR5000-MI:@/tmp/.ICE-unix/5370,unix/altair-HCAR5000-MI:/tmp/.ICE-unix/5370', 'GDM_LANG': 'ja_JP', 'INVOCATION_ID': '97c49907982e4544a857ef33d3fec5f6', 'XDG_SESSION_PATH': '/org/freedesktop/DisplayManager/Session0', 'XDG_MENU_PREFIX': 'gnome-', 'XDG_RUNTIME_DIR': '/run/user/1000', 'DISPLAY': ':0', 'LANG': 'ja_JP.UTF-8', 'XDG_CURRENT_DESKTOP': 'ubuntu:GNOME', 'XMODIFIERS': '@im=ibus', 'XDG_SESSION_DESKTOP': 'ubuntu', 'XAUTHORITY': '/home/altair/.Xauthority', 'LS_COLORS': 'rs=0:di=01;34:ln=01;36:mh=00:pi=40;33:so=01;35:do=01;35:bd=40;33;01:cd=40;33;01:or=40;31;01:mi=00:su=37;41:sg=30;43:ca=30;41:tw=30;42:ow=34;42:st=37;44:ex=01;32:*.tar=01;31:*.tgz=01;31:*.arc=01;31:*.arj=01;31:*.taz=01;31:*.lha=01;31:*.lz4=01;31:*.lzh=01;31:*.lzma=01;31:*.tlz=01;31:*.txz=01;31:*.tzo=01;31:*.t7z=01;31:*.zip=01;31:*.z=01;31:*.dz=01;31:*.gz=01;31:*.lrz=01;31:*.lz=01;31:*.lzo=01;31:*.xz=01;31:*.zst=01;31:*.tzst=01;31:*.bz2=01;31:*.bz=01;31:*.tbz=01;31:*.tbz2=01;31:*.tz=01;31:*.deb=01;31:*.rpm=01;31:*.jar=01;31:*.war=01;31:*.ear=01;31:*.sar=01;31:*.rar=01;31:*.alz=01;31:*.ace=01;31:*.zoo=01;31:*.cpio=01;31:*.7z=01;31:*.rz=01;31:*.cab=01;31:*.wim=01;31:*.swm=01;31:*.dwm=01;31:*.esd=01;31:*.jpg=01;35:*.jpeg=01;35:*.mjpg=01;35:*.mjpeg=01;35:*.gif=01;35:*.bmp=01;35:*.pbm=01;35:*.pgm=01;35:*.ppm=01;35:*.tga=01;35:*.xbm=01;35:*.xpm=01;35:*.tif=01;35:*.tiff=01;35:*.png=01;35:*.svg=01;35:*.svgz=01;35:*.mng=01;35:*.pcx=01;35:*.mov=01;35:*.mpg=01;35:*.mpeg=01;35:*.m2v=01;35:*.mkv=01;35:*.webm=01;35:*.webp=01;35:*.ogm=01;35:*.mp4=01;35:*.m4v=01;35:*.mp4v=01;35:*.vob=01;35:*.qt=01;35:*.nuv=01;35:*.wmv=01;35:*.asf=01;35:*.rm=01;35:*.rmvb=01;35:*.flc=01;35:*.avi=01;35:*.fli=01;35:*.flv=01;35:*.gl=01;35:*.dl=01;35:*.xcf=01;35:*.xwd=01;35:*.yuv=01;35:*.cgm=01;35:*.emf=01;35:*.ogv=01;35:*.ogx=01;35:*.aac=00;36:*.au=00;36:*.flac=00;36:*.m4a=00;36:*.mid=00;36:*.midi=00;36:*.mka=00;36:*.mp3=00;36:*.mpc=00;36:*.ogg=00;36:*.ra=00;36:*.wav=00;36:*.oga=00;36:*.opus=00;36:*.spx=00;36:*.xspf=00;36:', 'TERM_PROGRAM': 'WezTerm', 'SSH_AGENT_LAUNCHER': 'gnome-keyring', 'SSH_AUTH_SOCK': '/run/user/1000/keyring/ssh', 'ROS_DOMAIN_ID': '0', 'XDG_GREETER_DATA_DIR': '/var/lib/lightdm-data/altair', 'AMENT_PREFIX_PATH': '/home/altair/rplidarA1/ros2_ws/install/sllidar_ros2:/home/altair/rplidarA1/ros2_ws/install/lidar_processing:/home/altair/rplidarA1/ros2_ws/install/altair_robot:/opt/ros/humble', 'SHELL': '/bin/bash', 'QT_ACCESSIBILITY': '1', 'GDMSESSION': 'ubuntu', 'LESSCLOSE': '/usr/bin/lesspipe %s %s', 'GPG_AGENT_INFO': '/run/user/1000/gnupg/S.gpg-agent:0:1', 'GJS_DEBUG_OUTPUT': 'stderr', 'WEZTERM_CONFIG_DIR': '/home/altair', 'QT_IM_MODULE': 'ibus', 'PWD': '/home/altair/rplidarA1/build/lidar_processing', 'LC_ALL': 'ja_JP.UTF-8', 'XDG_CONFIG_DIRS': '/etc/xdg/xdg-ubuntu:/etc/xdg', 'NVM_CD_FLAGS': '', 'XDG_DATA_DIRS': '/usr/share/ubuntu:/usr/share/gnome:/usr/local/share:/usr/share:/var/lib/snapd/desktop', 'WEZTERM_UNIX_SOCKET': '/run/user/1000/wezterm/gui-sock-6337', 'PYTHONPATH': '/home/altair/rplidarA1/build/lidar_processing/prefix_override:/usr/lib/python3/dist-packages/colcon_core/task/python/colcon_distutils_commands:/home/altair/rplidarA1/install/lidar_processing/lib/python3.10/site-packages:/home/altair/rplidarA1/ros2_ws/build/lidar_processing:/home/altair/rplidarA1/ros2_ws/install/lidar_processing/lib/python3.10/site-packages:/home/altair/rplidarA1/ros2_ws/build/altair_robot:/home/altair/rplidarA1/ros2_ws/install/altair_robot/lib/python3.10/site-packages:/opt/ros/humble/lib/python3.10/site-packages:/opt/ros/humble/local/lib/python3.10/dist-packages', 'WEZTERM_PANE': '0', 'COLCON': '1', 'CMAKE_PREFIX_PATH': '/home/altair/rplidarA1/ros2_ws/install/sllidar_ros2'}, 'shell': False}
[1.508767] (altair_robot) Command: {'cmd': ['/usr/bin/python3', '-W', 'ignore:setup.py install is deprecated', '-W', 'ignore:easy_install command is deprecated', 'setup.py', 'develop', '--editable', '--build-directory', '/home/altair/rplidarA1/build/altair_robot/build', '--no-deps', 'symlink_data'], 'cwd': '/home/altair/rplidarA1/build/altair_robot', 'env': {'GJS_DEBUG_TOPICS': 'JS ERROR;JS LOG', 'LESSOPEN': '| /usr/bin/lesspipe %s', 'LANGUAGE': 'ja_JP', 'USER': 'altair', 'XDG_SESSION_TYPE': 'x11', 'SHLVL': '1', 'LD_LIBRARY_PATH': '/usr/local/lib:/opt/ros/humble/opt/rviz_ogre_vendor/lib:/opt/ros/humble/lib/x86_64-linux-gnu:/opt/ros/humble/lib', 'HOME': '/home/altair', 'OLDPWD': '/home/altair', 'TERM_PROGRAM_VERSION': '20240203-110809-5046fc22', 'DESKTOP_SESSION': 'ubuntu', 'NVM_BIN': '/home/altair/.nvm/versions/node/v14.21.3/bin', 'NVM_INC': '/home/altair/.nvm/versions/node/v14.21.3/include/node', 'GIO_LAUNCHED_DESKTOP_FILE': '/usr/share/applications/org.wezfurlong.wezterm.desktop', 'ROS_PYTHON_VERSION': '3', 'GNOME_SHELL_SESSION_MODE': 'ubuntu', 'GTK_MODULES': 'gail:atk-bridge', 'XDG_SEAT_PATH': '/org/freedesktop/DisplayManager/Seat0', 'MANAGERPID': '992', 'SYSTEMD_EXEC_PID': '5400', 'DBUS_SESSION_BUS_ADDRESS': 'unix:path=/run/user/1000/bus', 'COLORTERM': 'truecolor', 'GIO_LAUNCHED_DESKTOP_FILE_PID': '6337', 'NVM_DIR': '/home/altair/.nvm', 'WEZTERM_EXECUTABLE': '/usr/bin/wezterm-gui', 'IM_CONFIG_PHASE': '1', 'COLCON_PREFIX_PATH': '/home/altair/rplidarA1/ros2_ws/install', 'ROS_DISTRO': 'humble', 'GTK_IM_MODULE': 'ibus', 'LOGNAME': 'altair', 'JOURNAL_STREAM': '8:14292', '_': '/usr/bin/colcon', 'ROS_VERSION': '2', 'XDG_SESSION_CLASS': 'user', 'TERM': 'xterm-256color', 'GNOME_DESKTOP_SESSION_ID': 'this-is-deprecated', 'WEZTERM_CONFIG_FILE': '/home/altair/.wezterm.lua', 'ROS_LOCALHOST_ONLY': '0', 'HISTCONTROL': 'ignoredups:', 'WEZTERM_EXECUTABLE_DIR': '/usr/bin', 'PATH': '/home/altair/.local/bin:/home/altair/spresenseenv/usr/bin:/home/altair/.nvm/versions/node/v14.21.3/bin:/opt/ros/humble/bin:/home/altair/.local/bin:/usr/local/sbin:/usr/local/bin:/usr/sbin:/usr/bin:/sbin:/bin:/usr/games:/usr/local/games:/snap/bin:/snap/bin:/home/altair/command:/home/altair/.local/bin', 'SESSION_MANAGER': 'local/altair-HCAR5000-MI:@/tmp/.ICE-unix/5370,unix/altair-HCAR5000-MI:/tmp/.ICE-unix/5370', 'GDM_LANG': 'ja_JP', 'INVOCATION_ID': '97c49907982e4544a857ef33d3fec5f6', 'XDG_SESSION_PATH': '/org/freedesktop/DisplayManager/Session0', 'XDG_MENU_PREFIX': 'gnome-', 'XDG_RUNTIME_DIR': '/run/user/1000', 'DISPLAY': ':0', 'LANG': 'ja_JP.UTF-8', 'XDG_CURRENT_DESKTOP': 'ubuntu:GNOME', 'XMODIFIERS': '@im=ibus', 'XDG_SESSION_DESKTOP': 'ubuntu', 'XAUTHORITY': '/home/altair/.Xauthority', 'LS_COLORS': 'rs=0:di=01;34:ln=01;36:mh=00:pi=40;33:so=01;35:do=01;35:bd=40;33;01:cd=40;33;01:or=40;31;01:mi=00:su=37;41:sg=30;43:ca=30;41:tw=30;42:ow=34;42:st=37;44:ex=01;32:*.tar=01;31:*.tgz=01;31:*.arc=01;31:*.arj=01;31:*.taz=01;31:*.lha=01;31:*.lz4=01;31:*.lzh=01;31:*.lzma=01;31:*.tlz=01;31:*.txz=01;31:*.tzo=01;31:*.t7z=01;31:*.zip=01;31:*.z=01;31:*.dz=01;31:*.gz=01;31:*.lrz=01;31:*.lz=01;31:*.lzo=01;31:*.xz=01;31:*.zst=01;31:*.tzst=01;31:*.bz2=01;31:*.bz=01;31:*.tbz=01;31:*.tbz2=01;31:*.tz=01;31:*.deb=01;31:*.rpm=01;31:*.jar=01;31:*.war=01;31:*.ear=01;31:*.sar=01;31:*.rar=01;31:*.alz=01;31:*.ace=01;31:*.zoo=01;31:*.cpio=01;31:*.7z=01;31:*.rz=01;31:*.cab=01;31:*.wim=01;31:*.swm=01;31:*.dwm=01;31:*.esd=01;31:*.jpg=01;35:*.jpeg=01;35:*.mjpg=01;35:*.mjpeg=01;35:*.gif=01;35:*.bmp=01;35:*.pbm=01;35:*.pgm=01;35:*.ppm=01;35:*.tga=01;35:*.xbm=01;35:*.xpm=01;35:*.tif=01;35:*.tiff=01;35:*.png=01;35:*.svg=01;35:*.svgz=01;35:*.mng=01;35:*.pcx=01;35:*.mov=01;35:*.mpg=01;35:*.mpeg=01;35:*.m2v=01;35:*.mkv=01;35:*.webm=01;35:*.webp=01;35:*.ogm=01;35:*.mp4=01;35:*.m4v=01;35:*.mp4v=01;35:*.vob=01;35:*.qt=01;35:*.nuv=01;35:*.wmv=01;35:*.asf=01;35:*.rm=01;35:*.rmvb=01;35:*.flc=01;35:*.avi=01;35:*.fli=01;35:*.flv=01;35:*.gl=01;35:*.dl=01;35:*.xcf=01;35:*.xwd=01;35:*.yuv=01;35:*.cgm=01;35:*.emf=01;35:*.ogv=01;35:*.ogx=01;35:*.aac=00;36:*.au=00;36:*.flac=00;36:*.m4a=00;36:*.mid=00;36:*.midi=00;36:*.mka=00;36:*.mp3=00;36:*.mpc=00;36:*.ogg=00;36:*.ra=00;36:*.wav=00;36:*.oga=00;36:*.opus=00;36:*.spx=00;36:*.xspf=00;36:', 'TERM_PROGRAM': 'WezTerm', 'SSH_AGENT_LAUNCHER': 'gnome-keyring', 'SSH_AUTH_SOCK': '/run/user/1000/keyring/ssh', 'ROS_DOMAIN_ID': '0', 'XDG_GREETER_DATA_DIR': '/var/lib/lightdm-data/altair', 'AMENT_PREFIX_PATH': '/home/altair/rplidarA1/ros2_ws/install/sllidar_ros2:/home/altair/rplidarA1/ros2_ws/install/lidar_processing:/home/altair/rplidarA1/ros2_ws/install/altair_robot:/opt/ros/humble', 'SHELL': '/bin/bash', 'QT_ACCESSIBILITY': '1', 'GDMSESSION': 'ubuntu', 'LESSCLOSE': '/usr/bin/lesspipe %s %s', 'GPG_AGENT_INFO': '/run/user/1000/gnupg/S.gpg-agent:0:1', 'GJS_DEBUG_OUTPUT': 'stderr', 'WEZTERM_CONFIG_DIR': '/home/altair', 'QT_IM_MODULE': 'ibus', 'PWD': '/home/altair/rplidarA1/build/altair_robot', 'LC_ALL': 'ja_JP.UTF-8', 'XDG_CONFIG_DIRS': '/etc/xdg/xdg-ubuntu:/etc/xdg', 'NVM_CD_FLAGS': '', 'XDG_DATA_DIRS': '/usr/share/ubuntu:/usr/share/gnome:/usr/local/share:/usr/share:/var/lib/snapd/desktop', 'WEZTERM_UNIX_SOCKET': '/run/user/1000/wezterm/gui-sock-6337', 'PYTHONPATH': '/home/altair/rplidarA1/build/altair_robot/prefix_override:/usr/lib/python3/dist-packages/colcon_core/task/python/colcon_distutils_commands:/home/altair/rplidarA1/install/altair_robot/lib/python3.10/site-packages:/home/altair/rplidarA1/ros2_ws/build/lidar_processing:/home/altair/rplidarA1/ros2_ws/install/lidar_processing/lib/python3.10/site-packages:/home/altair/rplidarA1/ros2_ws/build/altair_robot:/home/altair/rplidarA1/ros2_ws/install/altair_robot/lib/python3.10/site-packages:/opt/ros/humble/lib/python3.10/site-packages:/opt/ros/humble/local/lib/python3.10/dist-packages', 'WEZTERM_PANE': '0', 'COLCON': '1', 'CMAKE_PREFIX_PATH': '/home/altair/rplidarA1/ros2_ws/install/sllidar_ros2'}, 'shell': False}
[1.527159] (sllidar_ros2) StdoutLine: {'line': b'-- Override CMake install command with custom implementation using symlinks instead of copying resources\n'}
[1.567381] (sllidar_ros2) StdoutLine: {'line': b'-- Found rclcpp: 16.0.19 (/opt/ros/humble/share/rclcpp/cmake)\n'}
[1.603423] (-) TimerEvent: {}
[1.621482] (sllidar_ros2) StdoutLine: {'line': b'-- Found rosidl_generator_c: 3.1.8 (/opt/ros/humble/share/rosidl_generator_c/cmake)\n'}
[1.627489] (sllidar_ros2) StdoutLine: {'line': b'-- Found rosidl_adapter: 3.1.8 (/opt/ros/humble/share/rosidl_adapter/cmake)\n'}
[1.638009] (sllidar_ros2) StdoutLine: {'line': b'-- Found rosidl_generator_cpp: 3.1.8 (/opt/ros/humble/share/rosidl_generator_cpp/cmake)\n'}
[1.652484] (sllidar_ros2) StdoutLine: {'line': b'-- Using all available rosidl_typesupport_c: rosidl_typesupport_fastrtps_c;rosidl_typesupport_introspection_c\n'}
[1.671319] (sllidar_ros2) StdoutLine: {'line': b'-- Using all available rosidl_typesupport_cpp: rosidl_typesupport_fastrtps_cpp;rosidl_typesupport_introspection_cpp\n'}
[1.703564] (-) TimerEvent: {}
[1.726942] (sllidar_ros2) StdoutLine: {'line': b'-- Found rmw_implementation_cmake: 6.1.2 (/opt/ros/humble/share/rmw_implementation_cmake/cmake)\n'}
[1.730244] (sllidar_ros2) StdoutLine: {'line': b'-- Found rmw_fastrtps_cpp: 6.2.10 (/opt/ros/humble/share/rmw_fastrtps_cpp/cmake)\n'}
[1.803691] (-) TimerEvent: {}
[1.836018] (sllidar_ros2) StdoutLine: {'line': b'-- Found OpenSSL: /usr/lib/x86_64-linux-gnu/libcrypto.so (found version "3.0.2")  \n'}
[1.868943] (sllidar_ros2) StdoutLine: {'line': b'-- Found FastRTPS: /opt/ros/humble/include  \n'}
[1.903826] (-) TimerEvent: {}
[1.918995] (sllidar_ros2) StdoutLine: {'line': b"-- Using RMW implementation 'rmw_fastrtps_cpp' as default\n"}
[1.930876] (sllidar_ros2) StdoutLine: {'line': b'-- Performing Test CMAKE_HAVE_LIBC_PTHREAD\n'}
[2.002462] (altair_robot) StdoutLine: {'line': b'running develop\n'}
[2.003899] (-) TimerEvent: {}
[2.006160] (sllidar_ros2) StdoutLine: {'line': b'-- Performing Test CMAKE_HAVE_LIBC_PTHREAD - Success\n'}
[2.007341] (sllidar_ros2) StdoutLine: {'line': b'-- Found Threads: TRUE  \n'}
[2.016437] (lidar_processing) StdoutLine: {'line': b'running develop\n'}
[2.073664] (sllidar_ros2) StdoutLine: {'line': b'-- Found sensor_msgs: 4.9.1 (/opt/ros/humble/share/sensor_msgs/cmake)\n'}
[2.104047] (-) TimerEvent: {}
[2.109383] (sllidar_ros2) StdoutLine: {'line': b'-- Found std_srvs: 4.9.1 (/opt/ros/humble/share/std_srvs/cmake)\n'}
[2.204169] (-) TimerEvent: {}
[2.245635] (sllidar_ros2) StdoutLine: {'line': b'-- Configuring done\n'}
[2.270229] (sllidar_ros2) StdoutLine: {'line': b'-- Generating done\n'}
[2.277408] (sllidar_ros2) StdoutLine: {'line': b'-- Build files have been written to: /home/altair/rplidarA1/build/sllidar_ros2\n'}
[2.289077] (sllidar_ros2) CommandEnded: {'returncode': 0}
[2.289868] (sllidar_ros2) JobProgress: {'identifier': 'sllidar_ros2', 'progress': 'build'}
[2.290891] (sllidar_ros2) Command: {'cmd': ['/usr/bin/cmake', '--build', '/home/altair/rplidarA1/build/sllidar_ros2', '--', '-j16', '-l16'], 'cwd': '/home/altair/rplidarA1/build/sllidar_ros2', 'env': OrderedDict([('GJS_DEBUG_TOPICS', 'JS ERROR;JS LOG'), ('LESSOPEN', '| /usr/bin/lesspipe %s'), ('LANGUAGE', 'ja_JP'), ('USER', 'altair'), ('XDG_SESSION_TYPE', 'x11'), ('SHLVL', '1'), ('LD_LIBRARY_PATH', '/usr/local/lib:/opt/ros/humble/opt/rviz_ogre_vendor/lib:/opt/ros/humble/lib/x86_64-linux-gnu:/opt/ros/humble/lib'), ('HOME', '/home/altair'), ('OLDPWD', '/home/altair'), ('TERM_PROGRAM_VERSION', '20240203-110809-5046fc22'), ('DESKTOP_SESSION', 'ubuntu'), ('NVM_BIN', '/home/altair/.nvm/versions/node/v14.21.3/bin'), ('NVM_INC', '/home/altair/.nvm/versions/node/v14.21.3/include/node'), ('GIO_LAUNCHED_DESKTOP_FILE', '/usr/share/applications/org.wezfurlong.wezterm.desktop'), ('ROS_PYTHON_VERSION', '3'), ('GNOME_SHELL_SESSION_MODE', 'ubuntu'), ('GTK_MODULES', 'gail:atk-bridge'), ('XDG_SEAT_PATH', '/org/freedesktop/DisplayManager/Seat0'), ('MANAGERPID', '992'), ('SYSTEMD_EXEC_PID', '5400'), ('DBUS_SESSION_BUS_ADDRESS', 'unix:path=/run/user/1000/bus'), ('COLORTERM', 'truecolor'), ('GIO_LAUNCHED_DESKTOP_FILE_PID', '6337'), ('NVM_DIR', '/home/altair/.nvm'), ('WEZTERM_EXECUTABLE', '/usr/bin/wezterm-gui'), ('IM_CONFIG_PHASE', '1'), ('COLCON_PREFIX_PATH', '/home/altair/rplidarA1/ros2_ws/install'), ('ROS_DISTRO', 'humble'), ('GTK_IM_MODULE', 'ibus'), ('LOGNAME', 'altair'), ('JOURNAL_STREAM', '8:14292'), ('_', '/usr/bin/colcon'), ('ROS_VERSION', '2'), ('XDG_SESSION_CLASS', 'user'), ('TERM', 'xterm-256color'), ('GNOME_DESKTOP_SESSION_ID', 'this-is-deprecated'), ('WEZTERM_CONFIG_FILE', '/home/altair/.wezterm.lua'), ('ROS_LOCALHOST_ONLY', '0'), ('HISTCONTROL', 'ignoredups:'), ('WEZTERM_EXECUTABLE_DIR', '/usr/bin'), ('PATH', '/home/altair/.local/bin:/home/altair/spresenseenv/usr/bin:/home/altair/.nvm/versions/node/v14.21.3/bin:/opt/ros/humble/bin:/home/altair/.local/bin:/usr/local/sbin:/usr/local/bin:/usr/sbin:/usr/bin:/sbin:/bin:/usr/games:/usr/local/games:/snap/bin:/snap/bin:/home/altair/command:/home/altair/.local/bin'), ('SESSION_MANAGER', 'local/altair-HCAR5000-MI:@/tmp/.ICE-unix/5370,unix/altair-HCAR5000-MI:/tmp/.ICE-unix/5370'), ('GDM_LANG', 'ja_JP'), ('INVOCATION_ID', '97c49907982e4544a857ef33d3fec5f6'), ('XDG_SESSION_PATH', '/org/freedesktop/DisplayManager/Session0'), ('XDG_MENU_PREFIX', 'gnome-'), ('XDG_RUNTIME_DIR', '/run/user/1000'), ('DISPLAY', ':0'), ('LANG', 'ja_JP.UTF-8'), ('XDG_CURRENT_DESKTOP', 'ubuntu:GNOME'), ('XMODIFIERS', '@im=ibus'), ('XDG_SESSION_DESKTOP', 'ubuntu'), ('XAUTHORITY', '/home/altair/.Xauthority'), ('LS_COLORS', 'rs=0:di=01;34:ln=01;36:mh=00:pi=40;33:so=01;35:do=01;35:bd=40;33;01:cd=40;33;01:or=40;31;01:mi=00:su=37;41:sg=30;43:ca=30;41:tw=30;42:ow=34;42:st=37;44:ex=01;32:*.tar=01;31:*.tgz=01;31:*.arc=01;31:*.arj=01;31:*.taz=01;31:*.lha=01;31:*.lz4=01;31:*.lzh=01;31:*.lzma=01;31:*.tlz=01;31:*.txz=01;31:*.tzo=01;31:*.t7z=01;31:*.zip=01;31:*.z=01;31:*.dz=01;31:*.gz=01;31:*.lrz=01;31:*.lz=01;31:*.lzo=01;31:*.xz=01;31:*.zst=01;31:*.tzst=01;31:*.bz2=01;31:*.bz=01;31:*.tbz=01;31:*.tbz2=01;31:*.tz=01;31:*.deb=01;31:*.rpm=01;31:*.jar=01;31:*.war=01;31:*.ear=01;31:*.sar=01;31:*.rar=01;31:*.alz=01;31:*.ace=01;31:*.zoo=01;31:*.cpio=01;31:*.7z=01;31:*.rz=01;31:*.cab=01;31:*.wim=01;31:*.swm=01;31:*.dwm=01;31:*.esd=01;31:*.jpg=01;35:*.jpeg=01;35:*.mjpg=01;35:*.mjpeg=01;35:*.gif=01;35:*.bmp=01;35:*.pbm=01;35:*.pgm=01;35:*.ppm=01;35:*.tga=01;35:*.xbm=01;35:*.xpm=01;35:*.tif=01;35:*.tiff=01;35:*.png=01;35:*.svg=01;35:*.svgz=01;35:*.mng=01;35:*.pcx=01;35:*.mov=01;35:*.mpg=01;35:*.mpeg=01;35:*.m2v=01;35:*.mkv=01;35:*.webm=01;35:*.webp=01;35:*.ogm=01;35:*.mp4=01;35:*.m4v=01;35:*.mp4v=01;35:*.vob=01;35:*.qt=01;35:*.nuv=01;35:*.wmv=01;35:*.asf=01;35:*.rm=01;35:*.rmvb=01;35:*.flc=01;35:*.avi=01;35:*.fli=01;35:*.flv=01;35:*.gl=01;35:*.dl=01;35:*.xcf=01;35:*.xwd=01;35:*.yuv=01;35:*.cgm=01;35:*.emf=01;35:*.ogv=01;35:*.ogx=01;35:*.aac=00;36:*.au=00;36:*.flac=00;36:*.m4a=00;36:*.mid=00;36:*.midi=00;36:*.mka=00;36:*.mp3=00;36:*.mpc=00;36:*.ogg=00;36:*.ra=00;36:*.wav=00;36:*.oga=00;36:*.opus=00;36:*.spx=00;36:*.xspf=00;36:'), ('TERM_PROGRAM', 'WezTerm'), ('SSH_AGENT_LAUNCHER', 'gnome-keyring'), ('SSH_AUTH_SOCK', '/run/user/1000/keyring/ssh'), ('ROS_DOMAIN_ID', '0'), ('XDG_GREETER_DATA_DIR', '/var/lib/lightdm-data/altair'), ('AMENT_PREFIX_PATH', '/home/altair/rplidarA1/ros2_ws/install/sllidar_ros2:/home/altair/rplidarA1/ros2_ws/install/lidar_processing:/home/altair/rplidarA1/ros2_ws/install/altair_robot:/opt/ros/humble'), ('SHELL', '/bin/bash'), ('QT_ACCESSIBILITY', '1'), ('GDMSESSION', 'ubuntu'), ('LESSCLOSE', '/usr/bin/lesspipe %s %s'), ('GPG_AGENT_INFO', '/run/user/1000/gnupg/S.gpg-agent:0:1'), ('GJS_DEBUG_OUTPUT', 'stderr'), ('WEZTERM_CONFIG_DIR', '/home/altair'), ('QT_IM_MODULE', 'ibus'), ('PWD', '/home/altair/rplidarA1/build/sllidar_ros2'), ('LC_ALL', 'ja_JP.UTF-8'), ('XDG_CONFIG_DIRS', '/etc/xdg/xdg-ubuntu:/etc/xdg'), ('NVM_CD_FLAGS', ''), ('XDG_DATA_DIRS', '/usr/share/ubuntu:/usr/share/gnome:/usr/local/share:/usr/share:/var/lib/snapd/desktop'), ('WEZTERM_UNIX_SOCKET', '/run/user/1000/wezterm/gui-sock-6337'), ('PYTHONPATH', '/home/altair/rplidarA1/ros2_ws/build/lidar_processing:/home/altair/rplidarA1/ros2_ws/install/lidar_processing/lib/python3.10/site-packages:/home/altair/rplidarA1/ros2_ws/build/altair_robot:/home/altair/rplidarA1/ros2_ws/install/altair_robot/lib/python3.10/site-packages:/opt/ros/humble/lib/python3.10/site-packages:/opt/ros/humble/local/lib/python3.10/dist-packages'), ('WEZTERM_PANE', '0'), ('COLCON', '1'), ('CMAKE_PREFIX_PATH', '/home/altair/rplidarA1/ros2_ws/install/sllidar_ros2:/home/altair/rplidarA1/ros2_ws/install/lidar_processing:/home/altair/rplidarA1/ros2_ws/install/altair_robot:/opt/ros/humble')]), 'shell': False}
[2.304295] (-) TimerEvent: {}
[2.307155] (altair_robot) StdoutLine: {'line': b'running egg_info\n'}
[2.323328] (lidar_processing) StdoutLine: {'line': b'running egg_info\n'}
[2.325812] (sllidar_ros2) StdoutLine: {'line': b'[ 10%] \x1b[32mBuilding CXX object CMakeFiles/sllidar_node.dir/src/sllidar_node.cpp.o\x1b[0m\n'}
[2.326127] (sllidar_ros2) StdoutLine: {'line': b'[ 10%] \x1b[32mBuilding CXX object CMakeFiles/sllidar_client.dir/src/sllidar_client.cpp.o\x1b[0m\n'}
[2.327568] (sllidar_ros2) StdoutLine: {'line': b'[ 20%] \x1b[32mBuilding CXX object CMakeFiles/sllidar_node.dir/sdk/src/arch/linux/net_socket.cpp.o\x1b[0m\n'}
[2.327892] (sllidar_ros2) StdoutLine: {'line': b'[ 20%] \x1b[32mBuilding CXX object CMakeFiles/sllidar_node.dir/sdk/src/arch/linux/net_serial.cpp.o\x1b[0m\n'}
[2.328260] (sllidar_ros2) StdoutLine: {'line': b'[ 25%] \x1b[32mBuilding CXX object CMakeFiles/sllidar_node.dir/sdk/src/arch/linux/timer.cpp.o\x1b[0m\n'}
[2.328558] (sllidar_ros2) StdoutLine: {'line': b'[ 30%] \x1b[32mBuilding CXX object CMakeFiles/sllidar_node.dir/sdk/src/dataunpacker/dataunpacker.cpp.o\x1b[0m\n'}
[2.329397] (sllidar_ros2) StdoutLine: {'line': b'[ 45%] \x1b[32mBuilding CXX object CMakeFiles/sllidar_node.dir/sdk/src/dataunpacker/unpacker/handler_normalnode.cpp.o\x1b[0m\n'}
[2.329684] (sllidar_ros2) StdoutLine: {'line': b'[ 45%] \x1b[32mBuilding CXX object CMakeFiles/sllidar_node.dir/sdk/src/dataunpacker/unpacker/handler_capsules.cpp.o\x1b[0m\n'}
[2.329803] (sllidar_ros2) StdoutLine: {'line': b'[ 50%] \x1b[32mBuilding CXX object CMakeFiles/sllidar_node.dir/sdk/src/dataunpacker/unpacker/handler_hqnode.cpp.o\x1b[0m\n'}
[2.329961] (sllidar_ros2) StdoutLine: {'line': b'[ 50%] \x1b[32mBuilding CXX object CMakeFiles/sllidar_node.dir/sdk/src/hal/thread.cpp.o\x1b[0m\n'}
[2.330943] (sllidar_ros2) StdoutLine: {'line': b'[ 55%] \x1b[32mBuilding CXX object CMakeFiles/sllidar_node.dir/sdk/src/rplidar_driver.cpp.o\x1b[0m\n'}
[2.332931] (sllidar_ros2) StdoutLine: {'line': b'[ 60%] \x1b[32mBuilding CXX object CMakeFiles/sllidar_node.dir/sdk/src/sl_async_transceiver.cpp.o\x1b[0m\n'}
[2.333830] (altair_robot) StdoutLine: {'line': b'creating altair_robot.egg-info\n'}
[2.334784] (altair_robot) StdoutLine: {'line': b'writing altair_robot.egg-info/PKG-INFO\n'}
[2.337609] (altair_robot) StdoutLine: {'line': b'writing dependency_links to altair_robot.egg-info/dependency_links.txt\n'}
[2.342588] (sllidar_ros2) StdoutLine: {'line': b'[ 65%] \x1b[32mBuilding CXX object CMakeFiles/sllidar_node.dir/sdk/src/sl_crc.cpp.o\x1b[0m\n'}
[2.343159] (altair_robot) StdoutLine: {'line': b'writing entry points to altair_robot.egg-info/entry_points.txt\n'}
[2.343357] (altair_robot) StdoutLine: {'line': b'writing requirements to altair_robot.egg-info/requires.txt\n'}
[2.343431] (altair_robot) StdoutLine: {'line': b'writing top-level names to altair_robot.egg-info/top_level.txt\n'}
[2.344350] (altair_robot) StdoutLine: {'line': b"writing manifest file 'altair_robot.egg-info/SOURCES.txt'\n"}
[2.348300] (sllidar_ros2) StdoutLine: {'line': b'[ 70%] \x1b[32mBuilding CXX object CMakeFiles/sllidar_node.dir/sdk/src/sl_lidar_driver.cpp.o\x1b[0m\n'}
[2.354816] (sllidar_ros2) StdoutLine: {'line': b'[ 75%] \x1b[32mBuilding CXX object CMakeFiles/sllidar_node.dir/sdk/src/sl_lidarprotocol_codec.cpp.o\x1b[0m\n'}
[2.358867] (sllidar_ros2) StdoutLine: {'line': b'[ 80%] \x1b[32mBuilding CXX object CMakeFiles/sllidar_node.dir/sdk/src/sl_serial_channel.cpp.o\x1b[0m\n'}
[2.359919] (lidar_processing) StdoutLine: {'line': b'creating lidar_processing.egg-info\n'}
[2.360152] (lidar_processing) StdoutLine: {'line': b'writing lidar_processing.egg-info/PKG-INFO\n'}
[2.360232] (lidar_processing) StdoutLine: {'line': b'writing dependency_links to lidar_processing.egg-info/dependency_links.txt\n'}
[2.360322] (lidar_processing) StdoutLine: {'line': b'writing entry points to lidar_processing.egg-info/entry_points.txt\n'}
[2.360399] (lidar_processing) StdoutLine: {'line': b'writing requirements to lidar_processing.egg-info/requires.txt\n'}
[2.360482] (lidar_processing) StdoutLine: {'line': b'writing top-level names to lidar_processing.egg-info/top_level.txt\n'}
[2.360566] (lidar_processing) StdoutLine: {'line': b"writing manifest file 'lidar_processing.egg-info/SOURCES.txt'\n"}
[2.403562] (sllidar_ros2) StderrLine: {'line': b'In file included from \x1b[01m\x1b[K/home/altair/rplidarA1/ros2_ws/src/sllidar_ros2/./sdk/include/sl_lidar_cmd.h:41\x1b[m\x1b[K,\n'}
[2.403807] (sllidar_ros2) StderrLine: {'line': b'                 from \x1b[01m\x1b[K/home/altair/rplidarA1/ros2_ws/src/sllidar_ros2/./sdk/include/sl_crc.h:36\x1b[m\x1b[K,\n'}
[2.403897] (sllidar_ros2) StderrLine: {'line': b'                 from \x1b[01m\x1b[K/home/altair/rplidarA1/ros2_ws/src/sllidar_ros2/sdk/src/sl_crc.cpp:33\x1b[m\x1b[K:\n'}
[2.403986] (sllidar_ros2) StderrLine: {'line': b'\x1b[01m\x1b[K/home/altair/rplidarA1/ros2_ws/src/sllidar_ros2/./sdk/include/sl_lidar_protocol.h:66:16:\x1b[m\x1b[K \x1b[01;35m\x1b[Kwarning: \x1b[m\x1b[KISO C++ forbids zero-size array \xe2\x80\x98\x1b[01m\x1b[Kdata\x1b[m\x1b[K\xe2\x80\x99 [\x1b[01;35m\x1b[K\x1b]8;;https://gcc.gnu.org/onlinedocs/gcc/Warning-Options.html#index-Wpedantic\x07-Wpedantic\x1b]8;;\x07\x1b[m\x1b[K]\n'}
[2.404093] (sllidar_ros2) StderrLine: {'line': b'   66 |     sl_u8 data[\x1b[01;35m\x1b[K0\x1b[m\x1b[K];\n'}
[2.404181] (sllidar_ros2) StderrLine: {'line': b'      |                \x1b[01;35m\x1b[K^\x1b[m\x1b[K\n'}
[2.404268] (sllidar_ros2) StderrLine: {'line': b'In file included from \x1b[01m\x1b[K/home/altair/rplidarA1/ros2_ws/src/sllidar_ros2/./sdk/include/sl_crc.h:36\x1b[m\x1b[K,\n'}
[2.404351] (-) TimerEvent: {}
[2.404535] (sllidar_ros2) StderrLine: {'line': b'                 from \x1b[01m\x1b[K/home/altair/rplidarA1/ros2_ws/src/sllidar_ros2/sdk/src/sl_crc.cpp:33\x1b[m\x1b[K:\n'}
[2.404665] (sllidar_ros2) StderrLine: {'line': b'\x1b[01m\x1b[K/home/altair/rplidarA1/ros2_ws/src/sllidar_ros2/./sdk/include/sl_lidar_cmd.h:324:20:\x1b[m\x1b[K \x1b[01;35m\x1b[Kwarning: \x1b[m\x1b[KISO C++ forbids zero-size array \xe2\x80\x98\x1b[01m\x1b[Kpayload\x1b[m\x1b[K\xe2\x80\x99 [\x1b[01;35m\x1b[K\x1b]8;;https://gcc.gnu.org/onlinedocs/gcc/Warning-Options.html#index-Wpedantic\x07-Wpedantic\x1b]8;;\x07\x1b[m\x1b[K]\n'}
[2.404745] (sllidar_ros2) StderrLine: {'line': b'  324 |     sl_u8  payload[\x1b[01;35m\x1b[K0\x1b[m\x1b[K];\n'}
[2.404816] (sllidar_ros2) StderrLine: {'line': b'      |                    \x1b[01;35m\x1b[K^\x1b[m\x1b[K\n'}
[2.415572] (altair_robot) StdoutLine: {'line': b"reading manifest file 'altair_robot.egg-info/SOURCES.txt'\n"}
[2.415855] (altair_robot) StdoutLine: {'line': b"writing manifest file 'altair_robot.egg-info/SOURCES.txt'\n"}
[2.436286] (sllidar_ros2) StdoutLine: {'line': b'[ 85%] \x1b[32mBuilding CXX object CMakeFiles/sllidar_node.dir/sdk/src/sl_tcp_channel.cpp.o\x1b[0m\n'}
[2.436543] (lidar_processing) StdoutLine: {'line': b"reading manifest file 'lidar_processing.egg-info/SOURCES.txt'\n"}
[2.441020] (lidar_processing) StdoutLine: {'line': b"writing manifest file 'lidar_processing.egg-info/SOURCES.txt'\n"}
[2.453567] (altair_robot) StdoutLine: {'line': b'running build_ext\n'}
[2.453818] (altair_robot) StdoutLine: {'line': b'Creating /home/altair/rplidarA1/install/altair_robot/lib/python3.10/site-packages/altair-robot.egg-link (link to .)\n'}
[2.457573] (altair_robot) StdoutLine: {'line': b'Installing mdd_can_node script to /home/altair/rplidarA1/install/altair_robot/lib/altair_robot\n'}
[2.457820] (altair_robot) StdoutLine: {'line': b'Installing websocket_bridge_node script to /home/altair/rplidarA1/install/altair_robot/lib/altair_robot\n'}
[2.457894] (altair_robot) StdoutLine: {'line': b'\n'}
[2.457964] (altair_robot) StdoutLine: {'line': b'Installed /home/altair/rplidarA1/build/altair_robot\n'}
[2.458034] (altair_robot) StdoutLine: {'line': b'running symlink_data\n'}
[2.458122] (altair_robot) StdoutLine: {'line': b'creating /home/altair/rplidarA1/install/altair_robot/share/ament_index/resource_index/packages\n'}
[2.458276] (altair_robot) StdoutLine: {'line': b'symbolically linking /home/altair/rplidarA1/build/altair_robot/resource/altair_robot -> /home/altair/rplidarA1/install/altair_robot/share/ament_index/resource_index/packages\n'}
[2.458356] (altair_robot) StdoutLine: {'line': b'symbolically linking /home/altair/rplidarA1/build/altair_robot/package.xml -> /home/altair/rplidarA1/install/altair_robot/share/altair_robot\n'}
[2.458458] (altair_robot) StdoutLine: {'line': b'creating /home/altair/rplidarA1/install/altair_robot/share/altair_robot/launch\n'}
[2.458629] (altair_robot) StdoutLine: {'line': b'symbolically linking /home/altair/rplidarA1/build/altair_robot/launch/robot_drive_launch.py -> /home/altair/rplidarA1/install/altair_robot/share/altair_robot/launch\n'}
[2.458809] (altair_robot) StdoutLine: {'line': b'creating /home/altair/rplidarA1/install/altair_robot/share/altair_robot/html\n'}
[2.459043] (altair_robot) StdoutLine: {'line': b'symbolically linking /home/altair/rplidarA1/build/altair_robot/html/index.html -> /home/altair/rplidarA1/install/altair_robot/share/altair_robot/html\n'}
[2.504515] (-) TimerEvent: {}
[2.512349] (lidar_processing) StdoutLine: {'line': b'running build_ext\n'}
[2.512650] (lidar_processing) StdoutLine: {'line': b'Creating /home/altair/rplidarA1/install/lidar_processing/lib/python3.10/site-packages/lidar-processing.egg-link (link to .)\n'}
[2.514095] (lidar_processing) StdoutLine: {'line': b'Installing icp_slam_node script to /home/altair/rplidarA1/install/lidar_processing/lib/lidar_processing\n'}
[2.515582] (lidar_processing) StdoutLine: {'line': b'Installing ransac_node script to /home/altair/rplidarA1/install/lidar_processing/lib/lidar_processing\n'}
[2.515872] (lidar_processing) StdoutLine: {'line': b'\n'}
[2.515944] (lidar_processing) StdoutLine: {'line': b'Installed /home/altair/rplidarA1/build/lidar_processing\n'}
[2.516020] (lidar_processing) StdoutLine: {'line': b'running symlink_data\n'}
[2.516164] (lidar_processing) StdoutLine: {'line': b'creating /home/altair/rplidarA1/install/lidar_processing/share/ament_index/resource_index/packages\n'}
[2.518931] (lidar_processing) StdoutLine: {'line': b'symbolically linking /home/altair/rplidarA1/build/lidar_processing/resource/lidar_processing -> /home/altair/rplidarA1/install/lidar_processing/share/ament_index/resource_index/packages\n'}
[2.519196] (lidar_processing) StdoutLine: {'line': b'symbolically linking /home/altair/rplidarA1/build/lidar_processing/package.xml -> /home/altair/rplidarA1/install/lidar_processing/share/lidar_processing\n'}
[2.519272] (lidar_processing) StdoutLine: {'line': b'creating /home/altair/rplidarA1/install/lidar_processing/share/lidar_processing/launch\n'}
[2.519340] (lidar_processing) StdoutLine: {'line': b'symbolically linking /home/altair/rplidarA1/build/lidar_processing/launch/rplidar_slam_launch.py -> /home/altair/rplidarA1/install/lidar_processing/share/lidar_processing/launch\n'}
[2.519407] (lidar_processing) StdoutLine: {'line': b'creating /home/altair/rplidarA1/install/lidar_processing/share/lidar_processing/config\n'}
[2.519487] (lidar_processing) StdoutLine: {'line': b'symbolically linking /home/altair/rplidarA1/build/lidar_processing/config/slam_view.rviz -> /home/altair/rplidarA1/install/lidar_processing/share/lidar_processing/config\n'}
[2.519565] (lidar_processing) StdoutLine: {'line': b'symbolically linking /home/altair/rplidarA1/build/lidar_processing/config/custom_mapper_params.yaml -> /home/altair/rplidarA1/install/lidar_processing/share/lidar_processing/config\n'}
[2.519632] (lidar_processing) StdoutLine: {'line': b'symbolically linking /home/altair/rplidarA1/build/lidar_processing/config/lidar_only_2d.lua -> /home/altair/rplidarA1/install/lidar_processing/share/lidar_processing/config\n'}
[2.609096] (-) TimerEvent: {}
[2.715098] (-) TimerEvent: {}
[2.780246] (lidar_processing) CommandEnded: {'returncode': 0}
[2.821911] (-) TimerEvent: {}
[2.832748] (lidar_processing) JobEnded: {'identifier': 'lidar_processing', 'rc': 0}
[2.839692] (altair_robot) CommandEnded: {'returncode': 0}
[2.883595] (altair_robot) JobEnded: {'identifier': 'altair_robot', 'rc': 0}
[2.922070] (-) TimerEvent: {}
[2.979858] (sllidar_ros2) StderrLine: {'line': b'In file included from \x1b[01m\x1b[K/home/altair/rplidarA1/ros2_ws/src/sllidar_ros2/./sdk/include/sl_lidar_cmd.h:41\x1b[m\x1b[K,\n'}
[2.980300] (sllidar_ros2) StderrLine: {'line': b'                 from \x1b[01m\x1b[K/home/altair/rplidarA1/ros2_ws/src/sllidar_ros2/./sdk/include/sl_lidar_driver.h:54\x1b[m\x1b[K,\n'}
[2.980627] (sllidar_ros2) StderrLine: {'line': b'                 from \x1b[01m\x1b[K/home/altair/rplidarA1/ros2_ws/src/sllidar_ros2/sdk/src/sl_serial_channel.cpp:33\x1b[m\x1b[K:\n'}
[2.981830] (sllidar_ros2) StderrLine: {'line': b'\x1b[01m\x1b[K/home/altair/rplidarA1/ros2_ws/src/sllidar_ros2/./sdk/include/sl_lidar_protocol.h:66:16:\x1b[m\x1b[K \x1b[01;35m\x1b[Kwarning: \x1b[m\x1b[KISO C++ forbids zero-size array \xe2\x80\x98\x1b[01m\x1b[Kdata\x1b[m\x1b[K\xe2\x80\x99 [\x1b[01;35m\x1b[K\x1b]8;;https://gcc.gnu.org/onlinedocs/gcc/Warning-Options.html#index-Wpedantic\x07-Wpedantic\x1b]8;;\x07\x1b[m\x1b[K]\n'}
[2.982110] (sllidar_ros2) StderrLine: {'line': b'   66 |     sl_u8 data[\x1b[01;35m\x1b[K0\x1b[m\x1b[K];\n'}
[2.982268] (sllidar_ros2) StderrLine: {'line': b'      |                \x1b[01;35m\x1b[K^\x1b[m\x1b[K\n'}
[2.982453] (sllidar_ros2) StderrLine: {'line': b'In file included from \x1b[01m\x1b[K/home/altair/rplidarA1/ros2_ws/src/sllidar_ros2/./sdk/include/sl_lidar_cmd.h:41\x1b[m\x1b[K,\n'}
[2.982568] (sllidar_ros2) StderrLine: {'line': b'                 from \x1b[01m\x1b[K/home/altair/rplidarA1/ros2_ws/src/sllidar_ros2/./sdk/include/sl_lidar_driver.h:54\x1b[m\x1b[K,\n'}
[2.982648] (sllidar_ros2) StderrLine: {'line': b'                 from \x1b[01m\x1b[K/home/altair/rplidarA1/ros2_ws/src/sllidar_ros2/sdk/src/sl_tcp_channel.cpp:33\x1b[m\x1b[K:\n'}
[2.982726] (sllidar_ros2) StderrLine: {'line': b'\x1b[01m\x1b[K/home/altair/rplidarA1/ros2_ws/src/sllidar_ros2/./sdk/include/sl_lidar_protocol.h:66:16:\x1b[m\x1b[K \x1b[01;35m\x1b[Kwarning: \x1b[m\x1b[KISO C++ forbids zero-size array \xe2\x80\x98\x1b[01m\x1b[Kdata\x1b[m\x1b[K\xe2\x80\x99 [\x1b[01;35m\x1b[K\x1b]8;;https://gcc.gnu.org/onlinedocs/gcc/Warning-Options.html#index-Wpedantic\x07-Wpedantic\x1b]8;;\x07\x1b[m\x1b[K]\n'}
[2.982831] (sllidar_ros2) StderrLine: {'line': b'   66 |     sl_u8 data[\x1b[01;35m\x1b[K0\x1b[m\x1b[K];\n'}
[2.982913] (sllidar_ros2) StderrLine: {'line': b'      |                \x1b[01;35m\x1b[K^\x1b[m\x1b[K\n'}
[2.982992] (sllidar_ros2) StderrLine: {'line': b'In file included from \x1b[01m\x1b[K/home/altair/rplidarA1/ros2_ws/src/sllidar_ros2/./sdk/include/sl_lidar_driver.h:54\x1b[m\x1b[K,\n'}
[2.983072] (sllidar_ros2) StderrLine: {'line': b'                 from \x1b[01m\x1b[K/home/altair/rplidarA1/ros2_ws/src/sllidar_ros2/sdk/src/sl_tcp_channel.cpp:33\x1b[m\x1b[K:\n'}
[2.983154] (sllidar_ros2) StderrLine: {'line': b'\x1b[01m\x1b[K/home/altair/rplidarA1/ros2_ws/src/sllidar_ros2/./sdk/include/sl_lidar_cmd.h:324:20:\x1b[m\x1b[K \x1b[01;35m\x1b[Kwarning: \x1b[m\x1b[KISO C++ forbids zero-size array \xe2\x80\x98\x1b[01m\x1b[Kpayload\x1b[m\x1b[K\xe2\x80\x99 [\x1b[01;35m\x1b[K\x1b]8;;https://gcc.gnu.org/onlinedocs/gcc/Warning-Options.html#index-Wpedantic\x07-Wpedantic\x1b]8;;\x07\x1b[m\x1b[K]\n'}
[2.983240] (sllidar_ros2) StderrLine: {'line': b'  324 |     sl_u8  payload[\x1b[01;35m\x1b[K0\x1b[m\x1b[K];\n'}
[2.983317] (sllidar_ros2) StderrLine: {'line': b'      |                    \x1b[01;35m\x1b[K^\x1b[m\x1b[K\n'}
[2.984721] (sllidar_ros2) StderrLine: {'line': b'In file included from \x1b[01m\x1b[K/home/altair/rplidarA1/ros2_ws/src/sllidar_ros2/./sdk/include/sl_lidar_driver.h:54\x1b[m\x1b[K,\n'}
[2.985010] (sllidar_ros2) StderrLine: {'line': b'                 from \x1b[01m\x1b[K/home/altair/rplidarA1/ros2_ws/src/sllidar_ros2/sdk/src/sl_serial_channel.cpp:33\x1b[m\x1b[K:\n'}
[2.985145] (sllidar_ros2) StderrLine: {'line': b'\x1b[01m\x1b[K/home/altair/rplidarA1/ros2_ws/src/sllidar_ros2/./sdk/include/sl_lidar_cmd.h:324:20:\x1b[m\x1b[K \x1b[01;35m\x1b[Kwarning: \x1b[m\x1b[KISO C++ forbids zero-size array \xe2\x80\x98\x1b[01m\x1b[Kpayload\x1b[m\x1b[K\xe2\x80\x99 [\x1b[01;35m\x1b[K\x1b]8;;https://gcc.gnu.org/onlinedocs/gcc/Warning-Options.html#index-Wpedantic\x07-Wpedantic\x1b]8;;\x07\x1b[m\x1b[K]\n'}
[2.985257] (sllidar_ros2) StderrLine: {'line': b'  324 |     sl_u8  payload[\x1b[01;35m\x1b[K0\x1b[m\x1b[K];\n'}
[2.985333] (sllidar_ros2) StderrLine: {'line': b'      |                    \x1b[01;35m\x1b[K^\x1b[m\x1b[K\n'}
[2.993304] (sllidar_ros2) StderrLine: {'line': b'\x1b[01m\x1b[K/home/altair/rplidarA1/ros2_ws/src/sllidar_ros2/sdk/src/sl_tcp_channel.cpp:\x1b[m\x1b[K In member function \xe2\x80\x98\x1b[01m\x1b[Kvoid sl::TcpChannel::setStatus(_u32)\x1b[m\x1b[K\xe2\x80\x99:\n'}
[2.993679] (sllidar_ros2) StderrLine: {'line': b'\x1b[01m\x1b[K/home/altair/rplidarA1/ros2_ws/src/sllidar_ros2/sdk/src/sl_tcp_channel.cpp:109:29:\x1b[m\x1b[K \x1b[01;35m\x1b[Kwarning: \x1b[m\x1b[Kunused parameter \xe2\x80\x98\x1b[01m\x1b[Kflag\x1b[m\x1b[K\xe2\x80\x99 [\x1b[01;35m\x1b[K\x1b]8;;https://gcc.gnu.org/onlinedocs/gcc/Warning-Options.html#index-Wunused-parameter\x07-Wunused-parameter\x1b]8;;\x07\x1b[m\x1b[K]\n'}
[2.993845] (sllidar_ros2) StderrLine: {'line': b'  109 |         void setStatus(\x1b[01;35m\x1b[K_u32 flag\x1b[m\x1b[K){}\n'}
[2.993940] (sllidar_ros2) StderrLine: {'line': b'      |                        \x1b[01;35m\x1b[K~~~~~^~~~\x1b[m\x1b[K\n'}
[3.026749] (-) TimerEvent: {}
[3.066716] (sllidar_ros2) StderrLine: {'line': b'In file included from \x1b[01m\x1b[K/home/altair/rplidarA1/ros2_ws/src/sllidar_ros2/./sdk/include/rplidar_protocol.h:36\x1b[m\x1b[K,\n'}
[3.066967] (sllidar_ros2) StderrLine: {'line': b'                 from \x1b[01m\x1b[K/home/altair/rplidarA1/ros2_ws/src/sllidar_ros2/./sdk/include/rplidar.h:39\x1b[m\x1b[K,\n'}
[3.067046] (sllidar_ros2) StderrLine: {'line': b'                 from \x1b[01m\x1b[K/home/altair/rplidarA1/ros2_ws/src/sllidar_ros2/./sdk/src/sdkcommon.h:49\x1b[m\x1b[K,\n'}
[3.067111] (sllidar_ros2) StderrLine: {'line': b'                 from \x1b[01m\x1b[K/home/altair/rplidarA1/ros2_ws/src/sllidar_ros2/sdk/src/dataunpacker/unpacker/../dataunnpacker_commondef.h:41\x1b[m\x1b[K,\n'}
[3.067173] (sllidar_ros2) StderrLine: {'line': b'                 from \x1b[01m\x1b[K/home/altair/rplidarA1/ros2_ws/src/sllidar_ros2/sdk/src/dataunpacker/unpacker/handler_hqnode.cpp:39\x1b[m\x1b[K:\n'}
[3.067239] (sllidar_ros2) StderrLine: {'line': b'\x1b[01m\x1b[K/home/altair/rplidarA1/ros2_ws/src/sllidar_ros2/./sdk/include/sl_lidar_protocol.h:66:16:\x1b[m\x1b[K \x1b[01;35m\x1b[Kwarning: \x1b[m\x1b[KISO C++ forbids zero-size array \xe2\x80\x98\x1b[01m\x1b[Kdata\x1b[m\x1b[K\xe2\x80\x99 [\x1b[01;35m\x1b[K\x1b]8;;https://gcc.gnu.org/onlinedocs/gcc/Warning-Options.html#index-Wpedantic\x07-Wpedantic\x1b]8;;\x07\x1b[m\x1b[K]\n'}
[3.067307] (sllidar_ros2) StderrLine: {'line': b'   66 |     sl_u8 data[\x1b[01;35m\x1b[K0\x1b[m\x1b[K];\n'}
[3.067369] (sllidar_ros2) StderrLine: {'line': b'      |                \x1b[01;35m\x1b[K^\x1b[m\x1b[K\n'}
[3.070551] (sllidar_ros2) StderrLine: {'line': b'In file included from \x1b[01m\x1b[K/home/altair/rplidarA1/ros2_ws/src/sllidar_ros2/./sdk/include/rplidar_cmd.h:36\x1b[m\x1b[K,\n'}
[3.070845] (sllidar_ros2) StderrLine: {'line': b'                 from \x1b[01m\x1b[K/home/altair/rplidarA1/ros2_ws/src/sllidar_ros2/./sdk/include/rplidar.h:40\x1b[m\x1b[K,\n'}
[3.070958] (sllidar_ros2) StderrLine: {'line': b'                 from \x1b[01m\x1b[K/home/altair/rplidarA1/ros2_ws/src/sllidar_ros2/./sdk/src/sdkcommon.h:49\x1b[m\x1b[K,\n'}
[3.071026] (sllidar_ros2) StderrLine: {'line': b'                 from \x1b[01m\x1b[K/home/altair/rplidarA1/ros2_ws/src/sllidar_ros2/sdk/src/dataunpacker/unpacker/../dataunnpacker_commondef.h:41\x1b[m\x1b[K,\n'}
[3.071094] (sllidar_ros2) StderrLine: {'line': b'                 from \x1b[01m\x1b[K/home/altair/rplidarA1/ros2_ws/src/sllidar_ros2/sdk/src/dataunpacker/unpacker/handler_hqnode.cpp:39\x1b[m\x1b[K:\n'}
[3.074423] (sllidar_ros2) StderrLine: {'line': b'\x1b[01m\x1b[K/home/altair/rplidarA1/ros2_ws/src/sllidar_ros2/./sdk/include/sl_lidar_cmd.h:324:20:\x1b[m\x1b[K \x1b[01;35m\x1b[Kwarning: \x1b[m\x1b[KISO C++ forbids zero-size array \xe2\x80\x98\x1b[01m\x1b[Kpayload\x1b[m\x1b[K\xe2\x80\x99 [\x1b[01;35m\x1b[K\x1b]8;;https://gcc.gnu.org/onlinedocs/gcc/Warning-Options.html#index-Wpedantic\x07-Wpedantic\x1b]8;;\x07\x1b[m\x1b[K]\n'}
[3.074588] (sllidar_ros2) StderrLine: {'line': b'  324 |     sl_u8  payload[\x1b[01;35m\x1b[K0\x1b[m\x1b[K];\n'}
[3.074671] (sllidar_ros2) StderrLine: {'line': b'      |                    \x1b[01;35m\x1b[K^\x1b[m\x1b[K\n'}
[3.087672] (sllidar_ros2) StdoutLine: {'line': b'[ 90%] \x1b[32mBuilding CXX object CMakeFiles/sllidar_node.dir/sdk/src/sl_udp_channel.cpp.o\x1b[0m\n'}
[3.092603] (sllidar_ros2) StderrLine: {'line': b'In file included from \x1b[01m\x1b[K/home/altair/rplidarA1/ros2_ws/src/sllidar_ros2/./sdk/include/rplidar_protocol.h:36\x1b[m\x1b[K,\n'}
[3.092919] (sllidar_ros2) StderrLine: {'line': b'                 from \x1b[01m\x1b[K/home/altair/rplidarA1/ros2_ws/src/sllidar_ros2/./sdk/include/rplidar.h:39\x1b[m\x1b[K,\n'}
[3.093014] (sllidar_ros2) StderrLine: {'line': b'                 from \x1b[01m\x1b[K/home/altair/rplidarA1/ros2_ws/src/sllidar_ros2/./sdk/src/sdkcommon.h:49\x1b[m\x1b[K,\n'}
[3.093082] (sllidar_ros2) StderrLine: {'line': b'                 from \x1b[01m\x1b[K/home/altair/rplidarA1/ros2_ws/src/sllidar_ros2/sdk/src/arch/linux/net_socket.cpp:10\x1b[m\x1b[K:\n'}
[3.093148] (sllidar_ros2) StderrLine: {'line': b'\x1b[01m\x1b[K/home/altair/rplidarA1/ros2_ws/src/sllidar_ros2/./sdk/include/sl_lidar_protocol.h:66:16:\x1b[m\x1b[K \x1b[01;35m\x1b[Kwarning: \x1b[m\x1b[KISO C++ forbids zero-size array \xe2\x80\x98\x1b[01m\x1b[Kdata\x1b[m\x1b[K\xe2\x80\x99 [\x1b[01;35m\x1b[K\x1b]8;;https://gcc.gnu.org/onlinedocs/gcc/Warning-Options.html#index-Wpedantic\x07-Wpedantic\x1b]8;;\x07\x1b[m\x1b[K]\n'}
[3.093219] (sllidar_ros2) StderrLine: {'line': b'   66 |     sl_u8 data[\x1b[01;35m\x1b[K0\x1b[m\x1b[K];\n'}
[3.093282] (sllidar_ros2) StderrLine: {'line': b'      |                \x1b[01;35m\x1b[K^\x1b[m\x1b[K\n'}
[3.093344] (sllidar_ros2) StderrLine: {'line': b'In file included from \x1b[01m\x1b[K/home/altair/rplidarA1/ros2_ws/src/sllidar_ros2/./sdk/include/rplidar_cmd.h:36\x1b[m\x1b[K,\n'}
[3.093403] (sllidar_ros2) StderrLine: {'line': b'                 from \x1b[01m\x1b[K/home/altair/rplidarA1/ros2_ws/src/sllidar_ros2/./sdk/include/rplidar.h:40\x1b[m\x1b[K,\n'}
[3.093463] (sllidar_ros2) StderrLine: {'line': b'                 from \x1b[01m\x1b[K/home/altair/rplidarA1/ros2_ws/src/sllidar_ros2/./sdk/src/sdkcommon.h:49\x1b[m\x1b[K,\n'}
[3.093572] (sllidar_ros2) StderrLine: {'line': b'                 from \x1b[01m\x1b[K/home/altair/rplidarA1/ros2_ws/src/sllidar_ros2/sdk/src/arch/linux/net_socket.cpp:10\x1b[m\x1b[K:\n'}
[3.093635] (sllidar_ros2) StderrLine: {'line': b'\x1b[01m\x1b[K/home/altair/rplidarA1/ros2_ws/src/sllidar_ros2/./sdk/include/sl_lidar_cmd.h:324:20:\x1b[m\x1b[K \x1b[01;35m\x1b[Kwarning: \x1b[m\x1b[KISO C++ forbids zero-size array \xe2\x80\x98\x1b[01m\x1b[Kpayload\x1b[m\x1b[K\xe2\x80\x99 [\x1b[01;35m\x1b[K\x1b]8;;https://gcc.gnu.org/onlinedocs/gcc/Warning-Options.html#index-Wpedantic\x07-Wpedantic\x1b]8;;\x07\x1b[m\x1b[K]\n'}
[3.093728] (sllidar_ros2) StderrLine: {'line': b'  324 |     sl_u8  payload[\x1b[01;35m\x1b[K0\x1b[m\x1b[K];\n'}
[3.093791] (sllidar_ros2) StderrLine: {'line': b'      |                    \x1b[01;35m\x1b[K^\x1b[m\x1b[K\n'}
[3.094738] (sllidar_ros2) StderrLine: {'line': b'In file included from \x1b[01m\x1b[K/home/altair/rplidarA1/ros2_ws/src/sllidar_ros2/./sdk/include/rplidar_protocol.h:36\x1b[m\x1b[K,\n'}
[3.095248] (sllidar_ros2) StderrLine: {'line': b'                 from \x1b[01m\x1b[K/home/altair/rplidarA1/ros2_ws/src/sllidar_ros2/./sdk/include/rplidar.h:39\x1b[m\x1b[K,\n'}
[3.095360] (sllidar_ros2) StderrLine: {'line': b'                 from \x1b[01m\x1b[K/home/altair/rplidarA1/ros2_ws/src/sllidar_ros2/sdk/src/sdkcommon.h:49\x1b[m\x1b[K,\n'}
[3.095451] (sllidar_ros2) StderrLine: {'line': b'                 from \x1b[01m\x1b[K/home/altair/rplidarA1/ros2_ws/src/sllidar_ros2/sdk/src/sl_lidar_driver.cpp:33\x1b[m\x1b[K:\n'}
[3.095549] (sllidar_ros2) StderrLine: {'line': b'\x1b[01m\x1b[K/home/altair/rplidarA1/ros2_ws/src/sllidar_ros2/./sdk/include/sl_lidar_protocol.h:66:16:\x1b[m\x1b[K \x1b[01;35m\x1b[Kwarning: \x1b[m\x1b[KISO C++ forbids zero-size array \xe2\x80\x98\x1b[01m\x1b[Kdata\x1b[m\x1b[K\xe2\x80\x99 [\x1b[01;35m\x1b[K\x1b]8;;https://gcc.gnu.org/onlinedocs/gcc/Warning-Options.html#index-Wpedantic\x07-Wpedantic\x1b]8;;\x07\x1b[m\x1b[K]\n'}
[3.095625] (sllidar_ros2) StderrLine: {'line': b'   66 |     sl_u8 data[\x1b[01;35m\x1b[K0\x1b[m\x1b[K];\n'}
[3.098584] (sllidar_ros2) StderrLine: {'line': b'      |                \x1b[01;35m\x1b[K^\x1b[m\x1b[K\n'}
[3.099024] (sllidar_ros2) StderrLine: {'line': b'In file included from \x1b[01m\x1b[K/home/altair/rplidarA1/ros2_ws/src/sllidar_ros2/./sdk/include/rplidar_cmd.h:36\x1b[m\x1b[K,\n'}
[3.099133] (sllidar_ros2) StderrLine: {'line': b'                 from \x1b[01m\x1b[K/home/altair/rplidarA1/ros2_ws/src/sllidar_ros2/./sdk/include/rplidar.h:40\x1b[m\x1b[K,\n'}
[3.099204] (sllidar_ros2) StderrLine: {'line': b'                 from \x1b[01m\x1b[K/home/altair/rplidarA1/ros2_ws/src/sllidar_ros2/sdk/src/sdkcommon.h:49\x1b[m\x1b[K,\n'}
[3.099276] (sllidar_ros2) StderrLine: {'line': b'                 from \x1b[01m\x1b[K/home/altair/rplidarA1/ros2_ws/src/sllidar_ros2/sdk/src/sl_lidar_driver.cpp:33\x1b[m\x1b[K:\n'}
[3.099344] (sllidar_ros2) StderrLine: {'line': b'\x1b[01m\x1b[K/home/altair/rplidarA1/ros2_ws/src/sllidar_ros2/./sdk/include/sl_lidar_cmd.h:324:20:\x1b[m\x1b[K \x1b[01;35m\x1b[Kwarning: \x1b[m\x1b[KISO C++ forbids zero-size array \xe2\x80\x98\x1b[01m\x1b[Kpayload\x1b[m\x1b[K\xe2\x80\x99 [\x1b[01;35m\x1b[K\x1b]8;;https://gcc.gnu.org/onlinedocs/gcc/Warning-Options.html#index-Wpedantic\x07-Wpedantic\x1b]8;;\x07\x1b[m\x1b[K]\n'}
[3.099422] (sllidar_ros2) StderrLine: {'line': b'  324 |     sl_u8  payload[\x1b[01;35m\x1b[K0\x1b[m\x1b[K];\n'}
[3.099513] (sllidar_ros2) StderrLine: {'line': b'      |                    \x1b[01;35m\x1b[K^\x1b[m\x1b[K\n'}
[3.099592] (sllidar_ros2) StderrLine: {'line': b'In file included from \x1b[01m\x1b[K/home/altair/rplidarA1/ros2_ws/src/sllidar_ros2/./sdk/include/rplidar_protocol.h:36\x1b[m\x1b[K,\n'}
[3.099661] (sllidar_ros2) StderrLine: {'line': b'                 from \x1b[01m\x1b[K/home/altair/rplidarA1/ros2_ws/src/sllidar_ros2/./sdk/include/rplidar.h:39\x1b[m\x1b[K,\n'}
[3.099751] (sllidar_ros2) StderrLine: {'line': b'                 from \x1b[01m\x1b[K/home/altair/rplidarA1/ros2_ws/src/sllidar_ros2/./sdk/src/sdkcommon.h:49\x1b[m\x1b[K,\n'}
[3.099823] (sllidar_ros2) StderrLine: {'line': b'                 from \x1b[01m\x1b[K/home/altair/rplidarA1/ros2_ws/src/sllidar_ros2/sdk/src/dataunpacker/unpacker/../dataunnpacker_commondef.h:41\x1b[m\x1b[K,\n'}
[3.099894] (sllidar_ros2) StderrLine: {'line': b'                 from \x1b[01m\x1b[K/home/altair/rplidarA1/ros2_ws/src/sllidar_ros2/sdk/src/dataunpacker/unpacker/handler_normalnode.cpp:39\x1b[m\x1b[K:\n'}
[3.099964] (sllidar_ros2) StderrLine: {'line': b'\x1b[01m\x1b[K/home/altair/rplidarA1/ros2_ws/src/sllidar_ros2/./sdk/include/sl_lidar_protocol.h:66:16:\x1b[m\x1b[K \x1b[01;35m\x1b[Kwarning: \x1b[m\x1b[KISO C++ forbids zero-size array \xe2\x80\x98\x1b[01m\x1b[Kdata\x1b[m\x1b[K\xe2\x80\x99 [\x1b[01;35m\x1b[K\x1b]8;;https://gcc.gnu.org/onlinedocs/gcc/Warning-Options.html#index-Wpedantic\x07-Wpedantic\x1b]8;;\x07\x1b[m\x1b[K]\n'}
[3.100035] (sllidar_ros2) StderrLine: {'line': b'   66 |     sl_u8 data[\x1b[01;35m\x1b[K0\x1b[m\x1b[K];\n'}
[3.100103] (sllidar_ros2) StderrLine: {'line': b'      |                \x1b[01;35m\x1b[K^\x1b[m\x1b[K\n'}
[3.100169] (sllidar_ros2) StderrLine: {'line': b'In file included from \x1b[01m\x1b[K/home/altair/rplidarA1/ros2_ws/src/sllidar_ros2/./sdk/include/rplidar_cmd.h:36\x1b[m\x1b[K,\n'}
[3.100238] (sllidar_ros2) StderrLine: {'line': b'                 from \x1b[01m\x1b[K/home/altair/rplidarA1/ros2_ws/src/sllidar_ros2/./sdk/include/rplidar.h:40\x1b[m\x1b[K,\n'}
[3.100329] (sllidar_ros2) StderrLine: {'line': b'                 from \x1b[01m\x1b[K/home/altair/rplidarA1/ros2_ws/src/sllidar_ros2/./sdk/src/sdkcommon.h:49\x1b[m\x1b[K,\n'}
[3.100401] (sllidar_ros2) StderrLine: {'line': b'                 from \x1b[01m\x1b[K/home/altair/rplidarA1/ros2_ws/src/sllidar_ros2/sdk/src/dataunpacker/unpacker/../dataunnpacker_commondef.h:41\x1b[m\x1b[K,\n'}
[3.100488] (sllidar_ros2) StderrLine: {'line': b'                 from \x1b[01m\x1b[K/home/altair/rplidarA1/ros2_ws/src/sllidar_ros2/sdk/src/dataunpacker/unpacker/handler_normalnode.cpp:39\x1b[m\x1b[K:\n'}
[3.100576] (sllidar_ros2) StderrLine: {'line': b'\x1b[01m\x1b[K/home/altair/rplidarA1/ros2_ws/src/sllidar_ros2/./sdk/include/sl_lidar_cmd.h:324:20:\x1b[m\x1b[K \x1b[01;35m\x1b[Kwarning: \x1b[m\x1b[KISO C++ forbids zero-size array \xe2\x80\x98\x1b[01m\x1b[Kpayload\x1b[m\x1b[K\xe2\x80\x99 [\x1b[01;35m\x1b[K\x1b]8;;https://gcc.gnu.org/onlinedocs/gcc/Warning-Options.html#index-Wpedantic\x07-Wpedantic\x1b]8;;\x07\x1b[m\x1b[K]\n'}
[3.100653] (sllidar_ros2) StderrLine: {'line': b'  324 |     sl_u8  payload[\x1b[01;35m\x1b[K0\x1b[m\x1b[K];\n'}
[3.100719] (sllidar_ros2) StderrLine: {'line': b'      |                    \x1b[01;35m\x1b[K^\x1b[m\x1b[K\n'}
[3.126898] (-) TimerEvent: {}
[3.184387] (sllidar_ros2) StderrLine: {'line': b'In file included from \x1b[01m\x1b[K/home/altair/rplidarA1/ros2_ws/src/sllidar_ros2/./sdk/include/rplidar_protocol.h:36\x1b[m\x1b[K,\n'}
[3.184676] (sllidar_ros2) StderrLine: {'line': b'                 from \x1b[01m\x1b[K/home/altair/rplidarA1/ros2_ws/src/sllidar_ros2/./sdk/include/rplidar.h:39\x1b[m\x1b[K,\n'}
[3.184806] (sllidar_ros2) StderrLine: {'line': b'                 from \x1b[01m\x1b[K/home/altair/rplidarA1/ros2_ws/src/sllidar_ros2/sdk/src/sdkcommon.h:49\x1b[m\x1b[K,\n'}
[3.184881] (sllidar_ros2) StderrLine: {'line': b'                 from \x1b[01m\x1b[K/home/altair/rplidarA1/ros2_ws/src/sllidar_ros2/sdk/src/sl_async_transceiver.cpp:35\x1b[m\x1b[K:\n'}
[3.184952] (sllidar_ros2) StderrLine: {'line': b'\x1b[01m\x1b[K/home/altair/rplidarA1/ros2_ws/src/sllidar_ros2/./sdk/include/sl_lidar_protocol.h:66:16:\x1b[m\x1b[K \x1b[01;35m\x1b[Kwarning: \x1b[m\x1b[KISO C++ forbids zero-size array \xe2\x80\x98\x1b[01m\x1b[Kdata\x1b[m\x1b[K\xe2\x80\x99 [\x1b[01;35m\x1b[K\x1b]8;;https://gcc.gnu.org/onlinedocs/gcc/Warning-Options.html#index-Wpedantic\x07-Wpedantic\x1b]8;;\x07\x1b[m\x1b[K]\n'}
[3.185049] (sllidar_ros2) StderrLine: {'line': b'   66 |     sl_u8 data[\x1b[01;35m\x1b[K0\x1b[m\x1b[K];\n'}
[3.185119] (sllidar_ros2) StderrLine: {'line': b'      |                \x1b[01;35m\x1b[K^\x1b[m\x1b[K\n'}
[3.190590] (sllidar_ros2) StderrLine: {'line': b'In file included from \x1b[01m\x1b[K/home/altair/rplidarA1/ros2_ws/src/sllidar_ros2/./sdk/include/rplidar_cmd.h:36\x1b[m\x1b[K,\n'}
[3.190900] (sllidar_ros2) StderrLine: {'line': b'                 from \x1b[01m\x1b[K/home/altair/rplidarA1/ros2_ws/src/sllidar_ros2/./sdk/include/rplidar.h:40\x1b[m\x1b[K,\n'}
[3.191016] (sllidar_ros2) StderrLine: {'line': b'                 from \x1b[01m\x1b[K/home/altair/rplidarA1/ros2_ws/src/sllidar_ros2/sdk/src/sdkcommon.h:49\x1b[m\x1b[K,\n'}
[3.191106] (sllidar_ros2) StderrLine: {'line': b'                 from \x1b[01m\x1b[K/home/altair/rplidarA1/ros2_ws/src/sllidar_ros2/sdk/src/sl_async_transceiver.cpp:35\x1b[m\x1b[K:\n'}
[3.191176] (sllidar_ros2) StderrLine: {'line': b'\x1b[01m\x1b[K/home/altair/rplidarA1/ros2_ws/src/sllidar_ros2/./sdk/include/sl_lidar_cmd.h:324:20:\x1b[m\x1b[K \x1b[01;35m\x1b[Kwarning: \x1b[m\x1b[KISO C++ forbids zero-size array \xe2\x80\x98\x1b[01m\x1b[Kpayload\x1b[m\x1b[K\xe2\x80\x99 [\x1b[01;35m\x1b[K\x1b]8;;https://gcc.gnu.org/onlinedocs/gcc/Warning-Options.html#index-Wpedantic\x07-Wpedantic\x1b]8;;\x07\x1b[m\x1b[K]\n'}
[3.191252] (sllidar_ros2) StderrLine: {'line': b'  324 |     sl_u8  payload[\x1b[01;35m\x1b[K0\x1b[m\x1b[K];\n'}
[3.191316] (sllidar_ros2) StderrLine: {'line': b'      |                    \x1b[01;35m\x1b[K^\x1b[m\x1b[K\n'}
[3.191400] (sllidar_ros2) StderrLine: {'line': b'In file included from \x1b[01m\x1b[K/home/altair/rplidarA1/ros2_ws/src/sllidar_ros2/./sdk/src/arch/linux/arch_linux.h:42\x1b[m\x1b[K,\n'}
[3.191462] (sllidar_ros2) StderrLine: {'line': b'                 from \x1b[01m\x1b[K/home/altair/rplidarA1/ros2_ws/src/sllidar_ros2/./sdk/src/sdkcommon.h:41\x1b[m\x1b[K,\n'}
[3.191566] (sllidar_ros2) StderrLine: {'line': b'                 from \x1b[01m\x1b[K/home/altair/rplidarA1/ros2_ws/src/sllidar_ros2/sdk/src/arch/linux/net_socket.cpp:10\x1b[m\x1b[K:\n'}
[3.191639] (sllidar_ros2) StderrLine: {'line': b'\x1b[01m\x1b[K/home/altair/rplidarA1/ros2_ws/src/sllidar_ros2/sdk/src/arch/linux/net_socket.cpp:\x1b[m\x1b[K In member function \xe2\x80\x98\x1b[01m\x1b[Kvirtual u_result rp::arch::net::DGramSocketImpl::sendTo(const rp::net::SocketAddress*, const void*, size_t)\x1b[m\x1b[K\xe2\x80\x99:\n'}
[3.191707] (sllidar_ros2) StderrLine: {'line': b'\x1b[01m\x1b[K/home/altair/rplidarA1/ros2_ws/src/sllidar_ros2/sdk/src/arch/linux/net_socket.cpp:733:24:\x1b[m\x1b[K \x1b[01;35m\x1b[Kwarning: \x1b[m\x1b[Kcomparison of integer expressions of different signedness: \xe2\x80\x98\x1b[01m\x1b[Kint\x1b[m\x1b[K\xe2\x80\x99 and \xe2\x80\x98\x1b[01m\x1b[Ksize_t\x1b[m\x1b[K\xe2\x80\x99 {aka \xe2\x80\x98\x1b[01m\x1b[Klong unsigned int\x1b[m\x1b[K\xe2\x80\x99} [\x1b[01;35m\x1b[K\x1b]8;;https://gcc.gnu.org/onlinedocs/gcc/Warning-Options.html#index-Wsign-compare\x07-Wsign-compare\x1b]8;;\x07\x1b[m\x1b[K]\n'}
[3.191776] (sllidar_ros2) StderrLine: {'line': b'  733 |             assert(\x1b[01;35m\x1b[Kans == len\x1b[m\x1b[K);\n'}
[3.191838] (sllidar_ros2) StderrLine: {'line': b'      |                    \x1b[01;35m\x1b[K~~~~^~~~~~\x1b[m\x1b[K\n'}
[3.195012] (sllidar_ros2) StderrLine: {'line': b'In file included from \x1b[01m\x1b[K/home/altair/rplidarA1/ros2_ws/src/sllidar_ros2/./sdk/include/rplidar_protocol.h:36\x1b[m\x1b[K,\n'}
[3.195341] (sllidar_ros2) StderrLine: {'line': b'                 from \x1b[01m\x1b[K/home/altair/rplidarA1/ros2_ws/src/sllidar_ros2/./sdk/include/rplidar.h:39\x1b[m\x1b[K,\n'}
[3.195429] (sllidar_ros2) StderrLine: {'line': b'                 from \x1b[01m\x1b[K/home/altair/rplidarA1/ros2_ws/src/sllidar_ros2/./sdk/src/sdkcommon.h:49\x1b[m\x1b[K,\n'}
[3.195526] (sllidar_ros2) StderrLine: {'line': b'                 from \x1b[01m\x1b[K/home/altair/rplidarA1/ros2_ws/src/sllidar_ros2/sdk/src/hal/thread.cpp:35\x1b[m\x1b[K:\n'}
[3.195609] (sllidar_ros2) StderrLine: {'line': b'\x1b[01m\x1b[K/home/altair/rplidarA1/ros2_ws/src/sllidar_ros2/./sdk/include/sl_lidar_protocol.h:66:16:\x1b[m\x1b[K \x1b[01;35m\x1b[Kwarning: \x1b[m\x1b[KISO C++ forbids zero-size array \xe2\x80\x98\x1b[01m\x1b[Kdata\x1b[m\x1b[K\xe2\x80\x99 [\x1b[01;35m\x1b[K\x1b]8;;https://gcc.gnu.org/onlinedocs/gcc/Warning-Options.html#index-Wpedantic\x07-Wpedantic\x1b]8;;\x07\x1b[m\x1b[K]\n'}
[3.195883] (sllidar_ros2) StderrLine: {'line': b'   66 |     sl_u8 data[\x1b[01;35m\x1b[K0\x1b[m\x1b[K];\n'}
[3.195958] (sllidar_ros2) StderrLine: {'line': b'      |                \x1b[01;35m\x1b[K^\x1b[m\x1b[K\n'}
[3.196025] (sllidar_ros2) StderrLine: {'line': b'In file included from \x1b[01m\x1b[K/home/altair/rplidarA1/ros2_ws/src/sllidar_ros2/./sdk/include/rplidar_cmd.h:36\x1b[m\x1b[K,\n'}
[3.196093] (sllidar_ros2) StderrLine: {'line': b'                 from \x1b[01m\x1b[K/home/altair/rplidarA1/ros2_ws/src/sllidar_ros2/./sdk/include/rplidar.h:40\x1b[m\x1b[K,\n'}
[3.196163] (sllidar_ros2) StderrLine: {'line': b'                 from \x1b[01m\x1b[K/home/altair/rplidarA1/ros2_ws/src/sllidar_ros2/./sdk/src/sdkcommon.h:49\x1b[m\x1b[K,\n'}
[3.196232] (sllidar_ros2) StderrLine: {'line': b'                 from \x1b[01m\x1b[K/home/altair/rplidarA1/ros2_ws/src/sllidar_ros2/sdk/src/hal/thread.cpp:35\x1b[m\x1b[K:\n'}
[3.196301] (sllidar_ros2) StderrLine: {'line': b'\x1b[01m\x1b[K/home/altair/rplidarA1/ros2_ws/src/sllidar_ros2/./sdk/include/sl_lidar_cmd.h:324:20:\x1b[m\x1b[K \x1b[01;35m\x1b[Kwarning: \x1b[m\x1b[KISO C++ forbids zero-size array \xe2\x80\x98\x1b[01m\x1b[Kpayload\x1b[m\x1b[K\xe2\x80\x99 [\x1b[01;35m\x1b[K\x1b]8;;https://gcc.gnu.org/onlinedocs/gcc/Warning-Options.html#index-Wpedantic\x07-Wpedantic\x1b]8;;\x07\x1b[m\x1b[K]\n'}
[3.196396] (sllidar_ros2) StderrLine: {'line': b'  324 |     sl_u8  payload[\x1b[01;35m\x1b[K0\x1b[m\x1b[K];\n'}
[3.196501] (sllidar_ros2) StderrLine: {'line': b'      |                    \x1b[01;35m\x1b[K^\x1b[m\x1b[K\n'}
[3.211598] (sllidar_ros2) StderrLine: {'line': b'In file included from \x1b[01m\x1b[K/home/altair/rplidarA1/ros2_ws/src/sllidar_ros2/./sdk/include/rplidar_protocol.h:36\x1b[m\x1b[K,\n'}
[3.211936] (sllidar_ros2) StderrLine: {'line': b'                 from \x1b[01m\x1b[K/home/altair/rplidarA1/ros2_ws/src/sllidar_ros2/./sdk/include/rplidar.h:39\x1b[m\x1b[K,\n'}
[3.212015] (sllidar_ros2) StderrLine: {'line': b'                 from \x1b[01m\x1b[K/home/altair/rplidarA1/ros2_ws/src/sllidar_ros2/./sdk/src/sdkcommon.h:49\x1b[m\x1b[K,\n'}
[3.212076] (sllidar_ros2) StderrLine: {'line': b'                 from \x1b[01m\x1b[K/home/altair/rplidarA1/ros2_ws/src/sllidar_ros2/sdk/src/dataunpacker/unpacker/../dataunnpacker_commondef.h:41\x1b[m\x1b[K,\n'}
[3.212138] (sllidar_ros2) StderrLine: {'line': b'                 from \x1b[01m\x1b[K/home/altair/rplidarA1/ros2_ws/src/sllidar_ros2/sdk/src/dataunpacker/unpacker/handler_capsules.cpp:39\x1b[m\x1b[K:\n'}
[3.212201] (sllidar_ros2) StderrLine: {'line': b'\x1b[01m\x1b[K/home/altair/rplidarA1/ros2_ws/src/sllidar_ros2/./sdk/include/sl_lidar_protocol.h:66:16:\x1b[m\x1b[K \x1b[01;35m\x1b[Kwarning: \x1b[m\x1b[KISO C++ forbids zero-size array \xe2\x80\x98\x1b[01m\x1b[Kdata\x1b[m\x1b[K\xe2\x80\x99 [\x1b[01;35m\x1b[K\x1b]8;;https://gcc.gnu.org/onlinedocs/gcc/Warning-Options.html#index-Wpedantic\x07-Wpedantic\x1b]8;;\x07\x1b[m\x1b[K]\n'}
[3.212270] (sllidar_ros2) StderrLine: {'line': b'   66 |     sl_u8 data[\x1b[01;35m\x1b[K0\x1b[m\x1b[K];\n'}
[3.212330] (sllidar_ros2) StderrLine: {'line': b'      |                \x1b[01;35m\x1b[K^\x1b[m\x1b[K\n'}
[3.212391] (sllidar_ros2) StderrLine: {'line': b'In file included from \x1b[01m\x1b[K/home/altair/rplidarA1/ros2_ws/src/sllidar_ros2/./sdk/include/rplidar_cmd.h:36\x1b[m\x1b[K,\n'}
[3.212453] (sllidar_ros2) StderrLine: {'line': b'                 from \x1b[01m\x1b[K/home/altair/rplidarA1/ros2_ws/src/sllidar_ros2/./sdk/include/rplidar.h:40\x1b[m\x1b[K,\n'}
[3.212551] (sllidar_ros2) StderrLine: {'line': b'                 from \x1b[01m\x1b[K/home/altair/rplidarA1/ros2_ws/src/sllidar_ros2/./sdk/src/sdkcommon.h:49\x1b[m\x1b[K,\n'}
[3.212648] (sllidar_ros2) StderrLine: {'line': b'                 from \x1b[01m\x1b[K/home/altair/rplidarA1/ros2_ws/src/sllidar_ros2/sdk/src/dataunpacker/unpacker/../dataunnpacker_commondef.h:41\x1b[m\x1b[K,\n'}
[3.212714] (sllidar_ros2) StderrLine: {'line': b'                 from \x1b[01m\x1b[K/home/altair/rplidarA1/ros2_ws/src/sllidar_ros2/sdk/src/dataunpacker/unpacker/handler_capsules.cpp:39\x1b[m\x1b[K:\n'}
[3.212777] (sllidar_ros2) StderrLine: {'line': b'\x1b[01m\x1b[K/home/altair/rplidarA1/ros2_ws/src/sllidar_ros2/./sdk/include/sl_lidar_cmd.h:324:20:\x1b[m\x1b[K \x1b[01;35m\x1b[Kwarning: \x1b[m\x1b[KISO C++ forbids zero-size array \xe2\x80\x98\x1b[01m\x1b[Kpayload\x1b[m\x1b[K\xe2\x80\x99 [\x1b[01;35m\x1b[K\x1b]8;;https://gcc.gnu.org/onlinedocs/gcc/Warning-Options.html#index-Wpedantic\x07-Wpedantic\x1b]8;;\x07\x1b[m\x1b[K]\n'}
[3.212845] (sllidar_ros2) StderrLine: {'line': b'  324 |     sl_u8  payload[\x1b[01;35m\x1b[K0\x1b[m\x1b[K];\n'}
[3.212906] (sllidar_ros2) StderrLine: {'line': b'      |                    \x1b[01;35m\x1b[K^\x1b[m\x1b[K\n'}
[3.219711] (sllidar_ros2) StderrLine: {'line': b'In file included from \x1b[01m\x1b[K/home/altair/rplidarA1/ros2_ws/src/sllidar_ros2/./sdk/include/rplidar_protocol.h:36\x1b[m\x1b[K,\n'}
[3.220013] (sllidar_ros2) StderrLine: {'line': b'                 from \x1b[01m\x1b[K/home/altair/rplidarA1/ros2_ws/src/sllidar_ros2/./sdk/include/rplidar.h:39\x1b[m\x1b[K,\n'}
[3.220096] (sllidar_ros2) StderrLine: {'line': b'                 from \x1b[01m\x1b[K/home/altair/rplidarA1/ros2_ws/src/sllidar_ros2/sdk/src/sdkcommon.h:49\x1b[m\x1b[K,\n'}
[3.220177] (sllidar_ros2) StderrLine: {'line': b'                 from \x1b[01m\x1b[K/home/altair/rplidarA1/ros2_ws/src/sllidar_ros2/sdk/src/sl_lidarprotocol_codec.cpp:35\x1b[m\x1b[K:\n'}
[3.220239] (sllidar_ros2) StderrLine: {'line': b'\x1b[01m\x1b[K/home/altair/rplidarA1/ros2_ws/src/sllidar_ros2/./sdk/include/sl_lidar_protocol.h:66:16:\x1b[m\x1b[K \x1b[01;35m\x1b[Kwarning: \x1b[m\x1b[KISO C++ forbids zero-size array \xe2\x80\x98\x1b[01m\x1b[Kdata\x1b[m\x1b[K\xe2\x80\x99 [\x1b[01;35m\x1b[K\x1b]8;;https://gcc.gnu.org/onlinedocs/gcc/Warning-Options.html#index-Wpedantic\x07-Wpedantic\x1b]8;;\x07\x1b[m\x1b[K]\n'}
[3.220305] (sllidar_ros2) StderrLine: {'line': b'   66 |     sl_u8 data[\x1b[01;35m\x1b[K0\x1b[m\x1b[K];\n'}
[3.220366] (sllidar_ros2) StderrLine: {'line': b'      |                \x1b[01;35m\x1b[K^\x1b[m\x1b[K\n'}
[3.223596] (sllidar_ros2) StderrLine: {'line': b'In file included from \x1b[01m\x1b[K/home/altair/rplidarA1/ros2_ws/src/sllidar_ros2/./sdk/include/rplidar_cmd.h:36\x1b[m\x1b[K,\n'}
[3.223966] (sllidar_ros2) StderrLine: {'line': b'                 from \x1b[01m\x1b[K/home/altair/rplidarA1/ros2_ws/src/sllidar_ros2/./sdk/include/rplidar.h:40\x1b[m\x1b[K,\n'}
[3.224086] (sllidar_ros2) StderrLine: {'line': b'                 from \x1b[01m\x1b[K/home/altair/rplidarA1/ros2_ws/src/sllidar_ros2/sdk/src/sdkcommon.h:49\x1b[m\x1b[K,\n'}
[3.224154] (sllidar_ros2) StderrLine: {'line': b'                 from \x1b[01m\x1b[K/home/altair/rplidarA1/ros2_ws/src/sllidar_ros2/sdk/src/sl_lidarprotocol_codec.cpp:35\x1b[m\x1b[K:\n'}
[3.224214] (sllidar_ros2) StderrLine: {'line': b'\x1b[01m\x1b[K/home/altair/rplidarA1/ros2_ws/src/sllidar_ros2/./sdk/include/sl_lidar_cmd.h:324:20:\x1b[m\x1b[K \x1b[01;35m\x1b[Kwarning: \x1b[m\x1b[KISO C++ forbids zero-size array \xe2\x80\x98\x1b[01m\x1b[Kpayload\x1b[m\x1b[K\xe2\x80\x99 [\x1b[01;35m\x1b[K\x1b]8;;https://gcc.gnu.org/onlinedocs/gcc/Warning-Options.html#index-Wpedantic\x07-Wpedantic\x1b]8;;\x07\x1b[m\x1b[K]\n'}
[3.224280] (sllidar_ros2) StderrLine: {'line': b'  324 |     sl_u8  payload[\x1b[01;35m\x1b[K0\x1b[m\x1b[K];\n'}
[3.224340] (sllidar_ros2) StderrLine: {'line': b'      |                    \x1b[01;35m\x1b[K^\x1b[m\x1b[K\n'}
[3.227032] (-) TimerEvent: {}
[3.254887] (sllidar_ros2) StderrLine: {'line': b'In file included from \x1b[01m\x1b[K/home/altair/rplidarA1/ros2_ws/src/sllidar_ros2/./sdk/include/rplidar_protocol.h:36\x1b[m\x1b[K,\n'}
[3.255182] (sllidar_ros2) StderrLine: {'line': b'                 from \x1b[01m\x1b[K/home/altair/rplidarA1/ros2_ws/src/sllidar_ros2/./sdk/include/rplidar.h:39\x1b[m\x1b[K,\n'}
[3.255315] (sllidar_ros2) StderrLine: {'line': b'                 from \x1b[01m\x1b[K/home/altair/rplidarA1/ros2_ws/src/sllidar_ros2/./sdk/src/sdkcommon.h:49\x1b[m\x1b[K,\n'}
[3.255615] (sllidar_ros2) StderrLine: {'line': b'                 from \x1b[01m\x1b[K/home/altair/rplidarA1/ros2_ws/src/sllidar_ros2/sdk/src/dataunpacker/dataunnpacker_commondef.h:41\x1b[m\x1b[K,\n'}
[3.255756] (sllidar_ros2) StderrLine: {'line': b'                 from \x1b[01m\x1b[K/home/altair/rplidarA1/ros2_ws/src/sllidar_ros2/sdk/src/dataunpacker/dataunpacker.cpp:39\x1b[m\x1b[K:\n'}
[3.255830] (sllidar_ros2) StderrLine: {'line': b'\x1b[01m\x1b[K/home/altair/rplidarA1/ros2_ws/src/sllidar_ros2/./sdk/include/sl_lidar_protocol.h:66:16:\x1b[m\x1b[K \x1b[01;35m\x1b[Kwarning: \x1b[m\x1b[KISO C++ forbids zero-size array \xe2\x80\x98\x1b[01m\x1b[Kdata\x1b[m\x1b[K\xe2\x80\x99 [\x1b[01;35m\x1b[K\x1b]8;;https://gcc.gnu.org/onlinedocs/gcc/Warning-Options.html#index-Wpedantic\x07-Wpedantic\x1b]8;;\x07\x1b[m\x1b[K]\n'}
[3.255904] (sllidar_ros2) StderrLine: {'line': b'   66 |     sl_u8 data[\x1b[01;35m\x1b[K0\x1b[m\x1b[K];\n'}
[3.255968] (sllidar_ros2) StderrLine: {'line': b'      |                \x1b[01;35m\x1b[K^\x1b[m\x1b[K\n'}
[3.256031] (sllidar_ros2) StderrLine: {'line': b'In file included from \x1b[01m\x1b[K/home/altair/rplidarA1/ros2_ws/src/sllidar_ros2/./sdk/include/rplidar_cmd.h:36\x1b[m\x1b[K,\n'}
[3.256094] (sllidar_ros2) StderrLine: {'line': b'                 from \x1b[01m\x1b[K/home/altair/rplidarA1/ros2_ws/src/sllidar_ros2/./sdk/include/rplidar.h:40\x1b[m\x1b[K,\n'}
[3.256173] (sllidar_ros2) StderrLine: {'line': b'                 from \x1b[01m\x1b[K/home/altair/rplidarA1/ros2_ws/src/sllidar_ros2/./sdk/src/sdkcommon.h:49\x1b[m\x1b[K,\n'}
[3.256236] (sllidar_ros2) StderrLine: {'line': b'                 from \x1b[01m\x1b[K/home/altair/rplidarA1/ros2_ws/src/sllidar_ros2/sdk/src/dataunpacker/dataunnpacker_commondef.h:41\x1b[m\x1b[K,\n'}
[3.256305] (sllidar_ros2) StderrLine: {'line': b'                 from \x1b[01m\x1b[K/home/altair/rplidarA1/ros2_ws/src/sllidar_ros2/sdk/src/dataunpacker/dataunpacker.cpp:39\x1b[m\x1b[K:\n'}
[3.256361] (sllidar_ros2) StderrLine: {'line': b'\x1b[01m\x1b[K/home/altair/rplidarA1/ros2_ws/src/sllidar_ros2/./sdk/include/sl_lidar_cmd.h:324:20:\x1b[m\x1b[K \x1b[01;35m\x1b[Kwarning: \x1b[m\x1b[KISO C++ forbids zero-size array \xe2\x80\x98\x1b[01m\x1b[Kpayload\x1b[m\x1b[K\xe2\x80\x99 [\x1b[01;35m\x1b[K\x1b]8;;https://gcc.gnu.org/onlinedocs/gcc/Warning-Options.html#index-Wpedantic\x07-Wpedantic\x1b]8;;\x07\x1b[m\x1b[K]\n'}
[3.256421] (sllidar_ros2) StderrLine: {'line': b'  324 |     sl_u8  payload[\x1b[01;35m\x1b[K0\x1b[m\x1b[K];\n'}
[3.256494] (sllidar_ros2) StderrLine: {'line': b'      |                    \x1b[01;35m\x1b[K^\x1b[m\x1b[K\n'}
[3.287586] (sllidar_ros2) StderrLine: {'line': b'In file included from \x1b[01m\x1b[K/home/altair/rplidarA1/ros2_ws/src/sllidar_ros2/./sdk/include/rplidar_protocol.h:36\x1b[m\x1b[K,\n'}
[3.287896] (sllidar_ros2) StderrLine: {'line': b'                 from \x1b[01m\x1b[K/home/altair/rplidarA1/ros2_ws/src/sllidar_ros2/./sdk/include/rplidar.h:39\x1b[m\x1b[K,\n'}
[3.287998] (sllidar_ros2) StderrLine: {'line': b'                 from \x1b[01m\x1b[K/home/altair/rplidarA1/ros2_ws/src/sllidar_ros2/sdk/src/sdkcommon.h:49\x1b[m\x1b[K,\n'}
[3.288065] (sllidar_ros2) StderrLine: {'line': b'                 from \x1b[01m\x1b[K/home/altair/rplidarA1/ros2_ws/src/sllidar_ros2/sdk/src/rplidar_driver.cpp:33\x1b[m\x1b[K:\n'}
[3.288129] (sllidar_ros2) StderrLine: {'line': b'\x1b[01m\x1b[K/home/altair/rplidarA1/ros2_ws/src/sllidar_ros2/./sdk/include/sl_lidar_protocol.h:66:16:\x1b[m\x1b[K \x1b[01;35m\x1b[Kwarning: \x1b[m\x1b[KISO C++ forbids zero-size array \xe2\x80\x98\x1b[01m\x1b[Kdata\x1b[m\x1b[K\xe2\x80\x99 [\x1b[01;35m\x1b[K\x1b]8;;https://gcc.gnu.org/onlinedocs/gcc/Warning-Options.html#index-Wpedantic\x07-Wpedantic\x1b]8;;\x07\x1b[m\x1b[K]\n'}
[3.288204] (sllidar_ros2) StderrLine: {'line': b'   66 |     sl_u8 data[\x1b[01;35m\x1b[K0\x1b[m\x1b[K];\n'}
[3.288269] (sllidar_ros2) StderrLine: {'line': b'      |                \x1b[01;35m\x1b[K^\x1b[m\x1b[K\n'}
[3.288332] (sllidar_ros2) StderrLine: {'line': b'In file included from \x1b[01m\x1b[K/home/altair/rplidarA1/ros2_ws/src/sllidar_ros2/./sdk/include/rplidar_cmd.h:36\x1b[m\x1b[K,\n'}
[3.288397] (sllidar_ros2) StderrLine: {'line': b'                 from \x1b[01m\x1b[K/home/altair/rplidarA1/ros2_ws/src/sllidar_ros2/./sdk/include/rplidar.h:40\x1b[m\x1b[K,\n'}
[3.288462] (sllidar_ros2) StderrLine: {'line': b'                 from \x1b[01m\x1b[K/home/altair/rplidarA1/ros2_ws/src/sllidar_ros2/sdk/src/sdkcommon.h:49\x1b[m\x1b[K,\n'}
[3.288572] (sllidar_ros2) StderrLine: {'line': b'                 from \x1b[01m\x1b[K/home/altair/rplidarA1/ros2_ws/src/sllidar_ros2/sdk/src/rplidar_driver.cpp:33\x1b[m\x1b[K:\n'}
[3.288640] (sllidar_ros2) StderrLine: {'line': b'\x1b[01m\x1b[K/home/altair/rplidarA1/ros2_ws/src/sllidar_ros2/./sdk/include/sl_lidar_cmd.h:324:20:\x1b[m\x1b[K \x1b[01;35m\x1b[Kwarning: \x1b[m\x1b[KISO C++ forbids zero-size array \xe2\x80\x98\x1b[01m\x1b[Kpayload\x1b[m\x1b[K\xe2\x80\x99 [\x1b[01;35m\x1b[K\x1b]8;;https://gcc.gnu.org/onlinedocs/gcc/Warning-Options.html#index-Wpedantic\x07-Wpedantic\x1b]8;;\x07\x1b[m\x1b[K]\n'}
[3.288713] (sllidar_ros2) StderrLine: {'line': b'  324 |     sl_u8  payload[\x1b[01;35m\x1b[K0\x1b[m\x1b[K];\n'}
[3.288780] (sllidar_ros2) StderrLine: {'line': b'      |                    \x1b[01;35m\x1b[K^\x1b[m\x1b[K\n'}
[3.303924] (sllidar_ros2) StderrLine: {'line': b'In file included from \x1b[01m\x1b[K/home/altair/rplidarA1/ros2_ws/src/sllidar_ros2/sdk/src/hal/thread.cpp:43\x1b[m\x1b[K:\n'}
[3.304236] (sllidar_ros2) StderrLine: {'line': b'\x1b[01m\x1b[K/home/altair/rplidarA1/ros2_ws/src/sllidar_ros2/./sdk/src/arch/linux/thread.hpp:\x1b[m\x1b[K In static member function \xe2\x80\x98\x1b[01m\x1b[Kstatic rp::hal::Thread rp::hal::Thread::create(thread_proc_t, void*)\x1b[m\x1b[K\xe2\x80\x99:\n'}
[3.304376] (sllidar_ros2) StderrLine: {'line': b'\x1b[01m\x1b[K/home/altair/rplidarA1/ros2_ws/src/sllidar_ros2/./sdk/src/arch/linux/thread.hpp:52:57:\x1b[m\x1b[K \x1b[01;35m\x1b[Kwarning: \x1b[m\x1b[Kcast between incompatible function types from \xe2\x80\x98\x1b[01m\x1b[Kthread_proc_t\x1b[m\x1b[K\xe2\x80\x99 {aka \xe2\x80\x98\x1b[01m\x1b[Klong unsigned int (*)(void*)\x1b[m\x1b[K\xe2\x80\x99} to \xe2\x80\x98\x1b[01m\x1b[Kvoid* (*)(void*)\x1b[m\x1b[K\xe2\x80\x99 [\x1b[01;35m\x1b[K\x1b]8;;https://gcc.gnu.org/onlinedocs/gcc/Warning-Options.html#index-Wcast-function-type\x07-Wcast-function-type\x1b]8;;\x07\x1b[m\x1b[K]\n'}
[3.304542] (sllidar_ros2) StderrLine: {'line': b'   52 |     pthread_create((pthread_t *)&newborn._handle, NULL, \x1b[01;35m\x1b[K(void * (*)(void *))proc\x1b[m\x1b[K, data);\n'}
[3.304666] (sllidar_ros2) StderrLine: {'line': b'      |                                                         \x1b[01;35m\x1b[K^~~~~~~~~~~~~~~~~~~~~~~~\x1b[m\x1b[K\n'}
[3.305127] (sllidar_ros2) StderrLine: {'line': b'\x1b[01m\x1b[K/home/altair/rplidarA1/ros2_ws/src/sllidar_ros2/./sdk/src/arch/linux/thread.hpp:\x1b[m\x1b[K In member function \xe2\x80\x98\x1b[01m\x1b[Ku_result rp::hal::Thread::join(long unsigned int)\x1b[m\x1b[K\xe2\x80\x99:\n'}
[3.305371] (sllidar_ros2) StderrLine: {'line': b'\x1b[01m\x1b[K/home/altair/rplidarA1/ros2_ws/src/sllidar_ros2/./sdk/src/arch/linux/thread.hpp:176:37:\x1b[m\x1b[K \x1b[01;35m\x1b[Kwarning: \x1b[m\x1b[Kunused parameter \xe2\x80\x98\x1b[01m\x1b[Ktimeout\x1b[m\x1b[K\xe2\x80\x99 [\x1b[01;35m\x1b[K\x1b]8;;https://gcc.gnu.org/onlinedocs/gcc/Warning-Options.html#index-Wunused-parameter\x07-Wunused-parameter\x1b]8;;\x07\x1b[m\x1b[K]\n'}
[3.305483] (sllidar_ros2) StderrLine: {'line': b'  176 | u_result Thread::join(\x1b[01;35m\x1b[Kunsigned long timeout\x1b[m\x1b[K)\n'}
[3.305577] (sllidar_ros2) StderrLine: {'line': b'      |                       \x1b[01;35m\x1b[K~~~~~~~~~~~~~~^~~~~~~\x1b[m\x1b[K\n'}
[3.315602] (sllidar_ros2) StderrLine: {'line': b'In file included from \x1b[01m\x1b[K/home/altair/rplidarA1/ros2_ws/src/sllidar_ros2/sdk/src/dataunpacker/unpacker/handler_hqnode.cpp:40\x1b[m\x1b[K:\n'}
[3.315924] (sllidar_ros2) StderrLine: {'line': b'\x1b[01m\x1b[K/home/altair/rplidarA1/ros2_ws/src/sllidar_ros2/sdk/src/dataunpacker/unpacker/../dataunpacker.h:\x1b[m\x1b[K In member function \xe2\x80\x98\x1b[01m\x1b[Kvirtual void sl::internal::LIDARSampleDataListener::onCustomSampleDataDecoded(_u8, _u32, const void*, size_t)\x1b[m\x1b[K\xe2\x80\x99:\n'}
[3.316059] (sllidar_ros2) StderrLine: {'line': b'\x1b[01m\x1b[K/home/altair/rplidarA1/ros2_ws/src/sllidar_ros2/sdk/src/dataunpacker/unpacker/../dataunpacker.h:54:52:\x1b[m\x1b[K \x1b[01;35m\x1b[Kwarning: \x1b[m\x1b[Kunused parameter \xe2\x80\x98\x1b[01m\x1b[KansType\x1b[m\x1b[K\xe2\x80\x99 [\x1b[01;35m\x1b[K\x1b]8;;https://gcc.gnu.org/onlinedocs/gcc/Warning-Options.html#index-Wunused-parameter\x07-Wunused-parameter\x1b]8;;\x07\x1b[m\x1b[K]\n'}
[3.316163] (sllidar_ros2) StderrLine: {'line': b'   54 |         virtual void onCustomSampleDataDecoded(\x1b[01;35m\x1b[K_u8 ansType\x1b[m\x1b[K, _u32 customCode, const void* data, size_t size) {}\n'}
[3.316256] (sllidar_ros2) StderrLine: {'line': b'      |                                                \x1b[01;35m\x1b[K~~~~^~~~~~~\x1b[m\x1b[K\n'}
[3.316327] (sllidar_ros2) StderrLine: {'line': b'\x1b[01m\x1b[K/home/altair/rplidarA1/ros2_ws/src/sllidar_ros2/sdk/src/dataunpacker/unpacker/../dataunpacker.h:54:66:\x1b[m\x1b[K \x1b[01;35m\x1b[Kwarning: \x1b[m\x1b[Kunused parameter \xe2\x80\x98\x1b[01m\x1b[KcustomCode\x1b[m\x1b[K\xe2\x80\x99 [\x1b[01;35m\x1b[K\x1b]8;;https://gcc.gnu.org/onlinedocs/gcc/Warning-Options.html#index-Wunused-parameter\x07-Wunused-parameter\x1b]8;;\x07\x1b[m\x1b[K]\n'}
[3.316450] (sllidar_ros2) StderrLine: {'line': b'   54 |         virtual void onCustomSampleDataDecoded(_u8 ansType, \x1b[01;35m\x1b[K_u32 customCode\x1b[m\x1b[K, const void* data, size_t size) {}\n'}
[3.316589] (sllidar_ros2) StderrLine: {'line': b'      |                                                             \x1b[01;35m\x1b[K~~~~~^~~~~~~~~~\x1b[m\x1b[K\n'}
[3.316684] (sllidar_ros2) StderrLine: {'line': b'\x1b[01m\x1b[K/home/altair/rplidarA1/ros2_ws/src/sllidar_ros2/sdk/src/dataunpacker/unpacker/../dataunpacker.h:54:90:\x1b[m\x1b[K \x1b[01;35m\x1b[Kwarning: \x1b[m\x1b[Kunused parameter \xe2\x80\x98\x1b[01m\x1b[Kdata\x1b[m\x1b[K\xe2\x80\x99 [\x1b[01;35m\x1b[K\x1b]8;;https://gcc.gnu.org/onlinedocs/gcc/Warning-Options.html#index-Wunused-parameter\x07-Wunused-parameter\x1b]8;;\x07\x1b[m\x1b[K]\n'}
[3.316779] (sllidar_ros2) StderrLine: {'line': b'   54 |         virtual void onCustomSampleDataDecoded(_u8 ansType, _u32 customCode, \x1b[01;35m\x1b[Kconst void* data\x1b[m\x1b[K, size_t size) {}\n'}
[3.316872] (sllidar_ros2) StderrLine: {'line': b'      |                                                                              \x1b[01;35m\x1b[K~~~~~~~~~~~~^~~~\x1b[m\x1b[K\n'}
[3.316964] (sllidar_ros2) StderrLine: {'line': b'\x1b[01m\x1b[K/home/altair/rplidarA1/ros2_ws/src/sllidar_ros2/sdk/src/dataunpacker/unpacker/../dataunpacker.h:54:103:\x1b[m\x1b[K \x1b[01;35m\x1b[Kwarning: \x1b[m\x1b[Kunused parameter \xe2\x80\x98\x1b[01m\x1b[Ksize\x1b[m\x1b[K\xe2\x80\x99 [\x1b[01;35m\x1b[K\x1b]8;;https://gcc.gnu.org/onlinedocs/gcc/Warning-Options.html#index-Wunused-parameter\x07-Wunused-parameter\x1b]8;;\x07\x1b[m\x1b[K]\n'}
[3.317057] (sllidar_ros2) StderrLine: {'line': b'   54 |         virtual void onCustomSampleDataDecoded(_u8 ansType, _u32 customCode, const void* data, \x1b[01;35m\x1b[Ksize_t size\x1b[m\x1b[K) {}\n'}
[3.317146] (sllidar_ros2) StderrLine: {'line': b'      |                                                                                                \x1b[01;35m\x1b[K~~~~~~~^~~~\x1b[m\x1b[K\n'}
[3.317230] (sllidar_ros2) StderrLine: {'line': b'\x1b[01m\x1b[K/home/altair/rplidarA1/ros2_ws/src/sllidar_ros2/sdk/src/dataunpacker/unpacker/../dataunpacker.h:\x1b[m\x1b[K In member function \xe2\x80\x98\x1b[01m\x1b[Kvirtual void sl::internal::LIDARSampleDataListener::onDecodingError(int, _u8, const void*, size_t)\x1b[m\x1b[K\xe2\x80\x99:\n'}
[3.317319] (sllidar_ros2) StderrLine: {'line': b'\x1b[01m\x1b[K/home/altair/rplidarA1/ros2_ws/src/sllidar_ros2/sdk/src/dataunpacker/unpacker/../dataunpacker.h:56:42:\x1b[m\x1b[K \x1b[01;35m\x1b[Kwarning: \x1b[m\x1b[Kunused parameter \xe2\x80\x98\x1b[01m\x1b[KerrMsg\x1b[m\x1b[K\xe2\x80\x99 [\x1b[01;35m\x1b[K\x1b]8;;https://gcc.gnu.org/onlinedocs/gcc/Warning-Options.html#index-Wunused-parameter\x07-Wunused-parameter\x1b]8;;\x07\x1b[m\x1b[K]\n'}
[3.317438] (sllidar_ros2) StderrLine: {'line': b'   56 |         virtual void onDecodingError(\x1b[01;35m\x1b[Kint errMsg\x1b[m\x1b[K, _u8 ansType, const void* payload, size_t size) {}\n'}
[3.317579] (sllidar_ros2) StderrLine: {'line': b'      |                                      \x1b[01;35m\x1b[K~~~~^~~~~~\x1b[m\x1b[K\n'}
[3.317690] (sllidar_ros2) StderrLine: {'line': b'\x1b[01m\x1b[K/home/altair/rplidarA1/ros2_ws/src/sllidar_ros2/sdk/src/dataunpacker/unpacker/../dataunpacker.h:56:54:\x1b[m\x1b[K \x1b[01;35m\x1b[Kwarning: \x1b[m\x1b[Kunused parameter \xe2\x80\x98\x1b[01m\x1b[KansType\x1b[m\x1b[K\xe2\x80\x99 [\x1b[01;35m\x1b[K\x1b]8;;https://gcc.gnu.org/onlinedocs/gcc/Warning-Options.html#index-Wunused-parameter\x07-Wunused-parameter\x1b]8;;\x07\x1b[m\x1b[K]\n'}
[3.317788] (sllidar_ros2) StderrLine: {'line': b'   56 |         virtual void onDecodingError(int errMsg, \x1b[01;35m\x1b[K_u8 ansType\x1b[m\x1b[K, const void* payload, size_t size) {}\n'}
[3.317884] (sllidar_ros2) StderrLine: {'line': b'      |                                                  \x1b[01;35m\x1b[K~~~~^~~~~~~\x1b[m\x1b[K\n'}
[3.317989] (sllidar_ros2) StderrLine: {'line': b'\x1b[01m\x1b[K/home/altair/rplidarA1/ros2_ws/src/sllidar_ros2/sdk/src/dataunpacker/unpacker/../dataunpacker.h:56:75:\x1b[m\x1b[K \x1b[01;35m\x1b[Kwarning: \x1b[m\x1b[Kunused parameter \xe2\x80\x98\x1b[01m\x1b[Kpayload\x1b[m\x1b[K\xe2\x80\x99 [\x1b[01;35m\x1b[K\x1b]8;;https://gcc.gnu.org/onlinedocs/gcc/Warning-Options.html#index-Wunused-parameter\x07-Wunused-parameter\x1b]8;;\x07\x1b[m\x1b[K]\n'}
[3.318092] (sllidar_ros2) StderrLine: {'line': b'   56 |         virtual void onDecodingError(int errMsg, _u8 ansType, \x1b[01;35m\x1b[Kconst void* payload\x1b[m\x1b[K, size_t size) {}\n'}
[3.318177] (sllidar_ros2) StderrLine: {'line': b'      |                                                               \x1b[01;35m\x1b[K~~~~~~~~~~~~^~~~~~~\x1b[m\x1b[K\n'}
[3.318260] (sllidar_ros2) StderrLine: {'line': b'\x1b[01m\x1b[K/home/altair/rplidarA1/ros2_ws/src/sllidar_ros2/sdk/src/dataunpacker/unpacker/../dataunpacker.h:56:91:\x1b[m\x1b[K \x1b[01;35m\x1b[Kwarning: \x1b[m\x1b[Kunused parameter \xe2\x80\x98\x1b[01m\x1b[Ksize\x1b[m\x1b[K\xe2\x80\x99 [\x1b[01;35m\x1b[K\x1b]8;;https://gcc.gnu.org/onlinedocs/gcc/Warning-Options.html#index-Wunused-parameter\x07-Wunused-parameter\x1b]8;;\x07\x1b[m\x1b[K]\n'}
[3.318352] (sllidar_ros2) StderrLine: {'line': b'   56 |         virtual void onDecodingError(int errMsg, _u8 ansType, const void* payload, \x1b[01;35m\x1b[Ksize_t size\x1b[m\x1b[K) {}\n'}
[3.318437] (sllidar_ros2) StderrLine: {'line': b'      |                                                                                    \x1b[01;35m\x1b[K~~~~~~~^~~~\x1b[m\x1b[K\n'}
[3.327189] (-) TimerEvent: {}
[3.365750] (sllidar_ros2) StderrLine: {'line': b'In file included from \x1b[01m\x1b[K/home/altair/rplidarA1/ros2_ws/src/sllidar_ros2/sdk/src/sl_async_transceiver.cpp:44\x1b[m\x1b[K:\n'}
[3.366125] (sllidar_ros2) StderrLine: {'line': b'\x1b[01m\x1b[K/home/altair/rplidarA1/ros2_ws/src/sllidar_ros2/sdk/src/sl_async_transceiver.h:\x1b[m\x1b[K In member function \xe2\x80\x98\x1b[01m\x1b[Kvirtual void sl::internal::IAsyncProtocolCodec::onChannelError(u_result)\x1b[m\x1b[K\xe2\x80\x99:\n'}
[3.366279] (sllidar_ros2) StderrLine: {'line': b'\x1b[01m\x1b[K/home/altair/rplidarA1/ros2_ws/src/sllidar_ros2/sdk/src/sl_async_transceiver.h:90:48:\x1b[m\x1b[K \x1b[01;35m\x1b[Kwarning: \x1b[m\x1b[Kunused parameter \xe2\x80\x98\x1b[01m\x1b[KerrCode\x1b[m\x1b[K\xe2\x80\x99 [\x1b[01;35m\x1b[K\x1b]8;;https://gcc.gnu.org/onlinedocs/gcc/Warning-Options.html#index-Wunused-parameter\x07-Wunused-parameter\x1b]8;;\x07\x1b[m\x1b[K]\n'}
[3.366381] (sllidar_ros2) StderrLine: {'line': b'   90 |         virtual void   onChannelError(\x1b[01;35m\x1b[Ku_result errCode\x1b[m\x1b[K) {}\n'}
[3.366465] (sllidar_ros2) StderrLine: {'line': b'      |                                       \x1b[01;35m\x1b[K~~~~~~~~~^~~~~~~\x1b[m\x1b[K\n'}
[3.427353] (-) TimerEvent: {}
[3.449751] (sllidar_ros2) StderrLine: {'line': b'In file included from \x1b[01m\x1b[K/home/altair/rplidarA1/ros2_ws/src/sllidar_ros2/sdk/src/dataunpacker/unpacker/handler_normalnode.cpp:40\x1b[m\x1b[K:\n'}
[3.450087] (sllidar_ros2) StderrLine: {'line': b'\x1b[01m\x1b[K/home/altair/rplidarA1/ros2_ws/src/sllidar_ros2/sdk/src/dataunpacker/unpacker/../dataunpacker.h:\x1b[m\x1b[K In member function \xe2\x80\x98\x1b[01m\x1b[Kvirtual void sl::internal::LIDARSampleDataListener::onCustomSampleDataDecoded(_u8, _u32, const void*, size_t)\x1b[m\x1b[K\xe2\x80\x99:\n'}
[3.450239] (sllidar_ros2) StderrLine: {'line': b'\x1b[01m\x1b[K/home/altair/rplidarA1/ros2_ws/src/sllidar_ros2/sdk/src/dataunpacker/unpacker/../dataunpacker.h:54:52:\x1b[m\x1b[K \x1b[01;35m\x1b[Kwarning: \x1b[m\x1b[Kunused parameter \xe2\x80\x98\x1b[01m\x1b[KansType\x1b[m\x1b[K\xe2\x80\x99 [\x1b[01;35m\x1b[K\x1b]8;;https://gcc.gnu.org/onlinedocs/gcc/Warning-Options.html#index-Wunused-parameter\x07-Wunused-parameter\x1b]8;;\x07\x1b[m\x1b[K]\n'}
[3.450340] (sllidar_ros2) StderrLine: {'line': b'   54 |         virtual void onCustomSampleDataDecoded(\x1b[01;35m\x1b[K_u8 ansType\x1b[m\x1b[K, _u32 customCode, const void* data, size_t size) {}\n'}
[3.450435] (sllidar_ros2) StderrLine: {'line': b'      |                                                \x1b[01;35m\x1b[K~~~~^~~~~~~\x1b[m\x1b[K\n'}
[3.450884] (sllidar_ros2) StderrLine: {'line': b'\x1b[01m\x1b[K/home/altair/rplidarA1/ros2_ws/src/sllidar_ros2/sdk/src/dataunpacker/unpacker/../dataunpacker.h:54:66:\x1b[m\x1b[K \x1b[01;35m\x1b[Kwarning: \x1b[m\x1b[Kunused parameter \xe2\x80\x98\x1b[01m\x1b[KcustomCode\x1b[m\x1b[K\xe2\x80\x99 [\x1b[01;35m\x1b[K\x1b]8;;https://gcc.gnu.org/onlinedocs/gcc/Warning-Options.html#index-Wunused-parameter\x07-Wunused-parameter\x1b]8;;\x07\x1b[m\x1b[K]\n'}
[3.451104] (sllidar_ros2) StderrLine: {'line': b'   54 |         virtual void onCustomSampleDataDecoded(_u8 ansType, \x1b[01;35m\x1b[K_u32 customCode\x1b[m\x1b[K, const void* data, size_t size) {}\n'}
[3.451227] (sllidar_ros2) StderrLine: {'line': b'      |                                                             \x1b[01;35m\x1b[K~~~~~^~~~~~~~~~\x1b[m\x1b[K\n'}
[3.451312] (sllidar_ros2) StderrLine: {'line': b'\x1b[01m\x1b[K/home/altair/rplidarA1/ros2_ws/src/sllidar_ros2/sdk/src/dataunpacker/unpacker/../dataunpacker.h:54:90:\x1b[m\x1b[K \x1b[01;35m\x1b[Kwarning: \x1b[m\x1b[Kunused parameter \xe2\x80\x98\x1b[01m\x1b[Kdata\x1b[m\x1b[K\xe2\x80\x99 [\x1b[01;35m\x1b[K\x1b]8;;https://gcc.gnu.org/onlinedocs/gcc/Warning-Options.html#index-Wunused-parameter\x07-Wunused-parameter\x1b]8;;\x07\x1b[m\x1b[K]\n'}
[3.451417] (sllidar_ros2) StderrLine: {'line': b'   54 |         virtual void onCustomSampleDataDecoded(_u8 ansType, _u32 customCode, \x1b[01;35m\x1b[Kconst void* data\x1b[m\x1b[K, size_t size) {}\n'}
[3.451532] (sllidar_ros2) StderrLine: {'line': b'      |                                                                              \x1b[01;35m\x1b[K~~~~~~~~~~~~^~~~\x1b[m\x1b[K\n'}
[3.451637] (sllidar_ros2) StderrLine: {'line': b'\x1b[01m\x1b[K/home/altair/rplidarA1/ros2_ws/src/sllidar_ros2/sdk/src/dataunpacker/unpacker/../dataunpacker.h:54:103:\x1b[m\x1b[K \x1b[01;35m\x1b[Kwarning: \x1b[m\x1b[Kunused parameter \xe2\x80\x98\x1b[01m\x1b[Ksize\x1b[m\x1b[K\xe2\x80\x99 [\x1b[01;35m\x1b[K\x1b]8;;https://gcc.gnu.org/onlinedocs/gcc/Warning-Options.html#index-Wunused-parameter\x07-Wunused-parameter\x1b]8;;\x07\x1b[m\x1b[K]\n'}
[3.451728] (sllidar_ros2) StderrLine: {'line': b'   54 |         virtual void onCustomSampleDataDecoded(_u8 ansType, _u32 customCode, const void* data, \x1b[01;35m\x1b[Ksize_t size\x1b[m\x1b[K) {}\n'}
[3.451808] (sllidar_ros2) StderrLine: {'line': b'      |                                                                                                \x1b[01;35m\x1b[K~~~~~~~^~~~\x1b[m\x1b[K\n'}
[3.451889] (sllidar_ros2) StderrLine: {'line': b'\x1b[01m\x1b[K/home/altair/rplidarA1/ros2_ws/src/sllidar_ros2/sdk/src/dataunpacker/unpacker/../dataunpacker.h:\x1b[m\x1b[K In member function \xe2\x80\x98\x1b[01m\x1b[Kvirtual void sl::internal::LIDARSampleDataListener::onDecodingError(int, _u8, const void*, size_t)\x1b[m\x1b[K\xe2\x80\x99:\n'}
[3.451982] (sllidar_ros2) StderrLine: {'line': b'\x1b[01m\x1b[K/home/altair/rplidarA1/ros2_ws/src/sllidar_ros2/sdk/src/dataunpacker/unpacker/../dataunpacker.h:56:42:\x1b[m\x1b[K \x1b[01;35m\x1b[Kwarning: \x1b[m\x1b[Kunused parameter \xe2\x80\x98\x1b[01m\x1b[KerrMsg\x1b[m\x1b[K\xe2\x80\x99 [\x1b[01;35m\x1b[K\x1b]8;;https://gcc.gnu.org/onlinedocs/gcc/Warning-Options.html#index-Wunused-parameter\x07-Wunused-parameter\x1b]8;;\x07\x1b[m\x1b[K]\n'}
[3.452072] (sllidar_ros2) StderrLine: {'line': b'   56 |         virtual void onDecodingError(\x1b[01;35m\x1b[Kint errMsg\x1b[m\x1b[K, _u8 ansType, const void* payload, size_t size) {}\n'}
[3.452153] (sllidar_ros2) StderrLine: {'line': b'      |                                      \x1b[01;35m\x1b[K~~~~^~~~~~\x1b[m\x1b[K\n'}
[3.452236] (sllidar_ros2) StderrLine: {'line': b'\x1b[01m\x1b[K/home/altair/rplidarA1/ros2_ws/src/sllidar_ros2/sdk/src/dataunpacker/unpacker/../dataunpacker.h:56:54:\x1b[m\x1b[K \x1b[01;35m\x1b[Kwarning: \x1b[m\x1b[Kunused parameter \xe2\x80\x98\x1b[01m\x1b[KansType\x1b[m\x1b[K\xe2\x80\x99 [\x1b[01;35m\x1b[K\x1b]8;;https://gcc.gnu.org/onlinedocs/gcc/Warning-Options.html#index-Wunused-parameter\x07-Wunused-parameter\x1b]8;;\x07\x1b[m\x1b[K]\n'}
[3.452349] (sllidar_ros2) StderrLine: {'line': b'   56 |         virtual void onDecodingError(int errMsg, \x1b[01;35m\x1b[K_u8 ansType\x1b[m\x1b[K, const void* payload, size_t size) {}\n'}
[3.452436] (sllidar_ros2) StderrLine: {'line': b'      |                                                  \x1b[01;35m\x1b[K~~~~^~~~~~~\x1b[m\x1b[K\n'}
[3.452568] (sllidar_ros2) StderrLine: {'line': b'\x1b[01m\x1b[K/home/altair/rplidarA1/ros2_ws/src/sllidar_ros2/sdk/src/dataunpacker/unpacker/../dataunpacker.h:56:75:\x1b[m\x1b[K \x1b[01;35m\x1b[Kwarning: \x1b[m\x1b[Kunused parameter \xe2\x80\x98\x1b[01m\x1b[Kpayload\x1b[m\x1b[K\xe2\x80\x99 [\x1b[01;35m\x1b[K\x1b]8;;https://gcc.gnu.org/onlinedocs/gcc/Warning-Options.html#index-Wunused-parameter\x07-Wunused-parameter\x1b]8;;\x07\x1b[m\x1b[K]\n'}
[3.452666] (sllidar_ros2) StderrLine: {'line': b'   56 |         virtual void onDecodingError(int errMsg, _u8 ansType, \x1b[01;35m\x1b[Kconst void* payload\x1b[m\x1b[K, size_t size) {}\n'}
[3.452753] (sllidar_ros2) StderrLine: {'line': b'      |                                                               \x1b[01;35m\x1b[K~~~~~~~~~~~~^~~~~~~\x1b[m\x1b[K\n'}
[3.452838] (sllidar_ros2) StderrLine: {'line': b'\x1b[01m\x1b[K/home/altair/rplidarA1/ros2_ws/src/sllidar_ros2/sdk/src/dataunpacker/unpacker/../dataunpacker.h:56:91:\x1b[m\x1b[K \x1b[01;35m\x1b[Kwarning: \x1b[m\x1b[Kunused parameter \xe2\x80\x98\x1b[01m\x1b[Ksize\x1b[m\x1b[K\xe2\x80\x99 [\x1b[01;35m\x1b[K\x1b]8;;https://gcc.gnu.org/onlinedocs/gcc/Warning-Options.html#index-Wunused-parameter\x07-Wunused-parameter\x1b]8;;\x07\x1b[m\x1b[K]\n'}
[3.452927] (sllidar_ros2) StderrLine: {'line': b'   56 |         virtual void onDecodingError(int errMsg, _u8 ansType, const void* payload, \x1b[01;35m\x1b[Ksize_t size\x1b[m\x1b[K) {}\n'}
[3.453010] (sllidar_ros2) StderrLine: {'line': b'      |                                                                                    \x1b[01;35m\x1b[K~~~~~~~^~~~\x1b[m\x1b[K\n'}
[3.474592] (sllidar_ros2) StderrLine: {'line': b'\x1b[01m\x1b[K/home/altair/rplidarA1/ros2_ws/src/sllidar_ros2/sdk/src/arch/linux/net_serial.cpp:\x1b[m\x1b[K In member function \xe2\x80\x98\x1b[01m\x1b[Kbool rp::arch::net::raw_serial::open(const char*, uint32_t, uint32_t)\x1b[m\x1b[K\xe2\x80\x99:\n'}
[3.474937] (sllidar_ros2) StderrLine: {'line': b'\x1b[01m\x1b[K/home/altair/rplidarA1/ros2_ws/src/sllidar_ros2/sdk/src/arch/linux/net_serial.cpp:97:74:\x1b[m\x1b[K \x1b[01;35m\x1b[Kwarning: \x1b[m\x1b[Kunused parameter \xe2\x80\x98\x1b[01m\x1b[Kflags\x1b[m\x1b[K\xe2\x80\x99 [\x1b[01;35m\x1b[K\x1b]8;;https://gcc.gnu.org/onlinedocs/gcc/Warning-Options.html#index-Wunused-parameter\x07-Wunused-parameter\x1b]8;;\x07\x1b[m\x1b[K]\n'}
[3.475072] (sllidar_ros2) StderrLine: {'line': b'   97 | bool raw_serial::open(const char * portname, uint32_t baudrate, \x1b[01;35m\x1b[Kuint32_t flags\x1b[m\x1b[K)\n'}
[3.475154] (sllidar_ros2) StderrLine: {'line': b'      |                                                                 \x1b[01;35m\x1b[K~~~~~~~~~^~~~~\x1b[m\x1b[K\n'}
[3.475242] (sllidar_ros2) StderrLine: {'line': b'\x1b[01m\x1b[K/home/altair/rplidarA1/ros2_ws/src/sllidar_ros2/sdk/src/arch/linux/net_serial.cpp:\x1b[m\x1b[K In member function \xe2\x80\x98\x1b[01m\x1b[Kvirtual void rp::arch::net::raw_serial::flush(_u32)\x1b[m\x1b[K\xe2\x80\x99:\n'}
[3.475333] (sllidar_ros2) StderrLine: {'line': b'\x1b[01m\x1b[K/home/altair/rplidarA1/ros2_ws/src/sllidar_ros2/sdk/src/arch/linux/net_serial.cpp:281:30:\x1b[m\x1b[K \x1b[01;35m\x1b[Kwarning: \x1b[m\x1b[Kunused parameter \xe2\x80\x98\x1b[01m\x1b[Kflags\x1b[m\x1b[K\xe2\x80\x99 [\x1b[01;35m\x1b[K\x1b]8;;https://gcc.gnu.org/onlinedocs/gcc/Warning-Options.html#index-Wunused-parameter\x07-Wunused-parameter\x1b]8;;\x07\x1b[m\x1b[K]\n'}
[3.475420] (sllidar_ros2) StderrLine: {'line': b'  281 | void raw_serial::flush( \x1b[01;35m\x1b[K_u32 flags\x1b[m\x1b[K)\n'}
[3.475528] (sllidar_ros2) StderrLine: {'line': b'      |                         \x1b[01;35m\x1b[K~~~~~^~~~~\x1b[m\x1b[K\n'}
[3.475615] (sllidar_ros2) StderrLine: {'line': b'\x1b[01m\x1b[K/home/altair/rplidarA1/ros2_ws/src/sllidar_ros2/sdk/src/arch/linux/net_serial.cpp:\x1b[m\x1b[K In member function \xe2\x80\x98\x1b[01m\x1b[Kvirtual int rp::arch::net::raw_serial::waitforsent(_u32, size_t*)\x1b[m\x1b[K\xe2\x80\x99:\n'}
[3.475710] (sllidar_ros2) StderrLine: {'line': b'\x1b[01m\x1b[K/home/altair/rplidarA1/ros2_ws/src/sllidar_ros2/sdk/src/arch/linux/net_serial.cpp:286:34:\x1b[m\x1b[K \x1b[01;35m\x1b[Kwarning: \x1b[m\x1b[Kunused parameter \xe2\x80\x98\x1b[01m\x1b[Ktimeout\x1b[m\x1b[K\xe2\x80\x99 [\x1b[01;35m\x1b[K\x1b]8;;https://gcc.gnu.org/onlinedocs/gcc/Warning-Options.html#index-Wunused-parameter\x07-Wunused-parameter\x1b]8;;\x07\x1b[m\x1b[K]\n'}
[3.475794] (sllidar_ros2) StderrLine: {'line': b'  286 | int raw_serial::waitforsent(\x1b[01;35m\x1b[K_u32 timeout\x1b[m\x1b[K, size_t * returned_size)\n'}
[3.475871] (sllidar_ros2) StderrLine: {'line': b'      |                             \x1b[01;35m\x1b[K~~~~~^~~~~~~\x1b[m\x1b[K\n'}
[3.475948] (sllidar_ros2) StderrLine: {'line': b'\x1b[01m\x1b[K/home/altair/rplidarA1/ros2_ws/src/sllidar_ros2/sdk/src/arch/linux/net_serial.cpp:\x1b[m\x1b[K In member function \xe2\x80\x98\x1b[01m\x1b[Kvirtual int rp::arch::net::raw_serial::waitforrecv(_u32, size_t*)\x1b[m\x1b[K\xe2\x80\x99:\n'}
[3.476026] (sllidar_ros2) StderrLine: {'line': b'\x1b[01m\x1b[K/home/altair/rplidarA1/ros2_ws/src/sllidar_ros2/sdk/src/arch/linux/net_serial.cpp:292:34:\x1b[m\x1b[K \x1b[01;35m\x1b[Kwarning: \x1b[m\x1b[Kunused parameter \xe2\x80\x98\x1b[01m\x1b[Ktimeout\x1b[m\x1b[K\xe2\x80\x99 [\x1b[01;35m\x1b[K\x1b]8;;https://gcc.gnu.org/onlinedocs/gcc/Warning-Options.html#index-Wunused-parameter\x07-Wunused-parameter\x1b]8;;\x07\x1b[m\x1b[K]\n'}
[3.476107] (sllidar_ros2) StderrLine: {'line': b'  292 | int raw_serial::waitforrecv(\x1b[01;35m\x1b[K_u32 timeout\x1b[m\x1b[K, size_t * returned_size)\n'}
[3.476181] (sllidar_ros2) StderrLine: {'line': b'      |                             \x1b[01;35m\x1b[K~~~~~^~~~~~~\x1b[m\x1b[K\n'}
[3.476247] (sllidar_ros2) StderrLine: {'line': b'\x1b[01m\x1b[K/home/altair/rplidarA1/ros2_ws/src/sllidar_ros2/sdk/src/arch/linux/net_serial.cpp:\x1b[m\x1b[K In member function \xe2\x80\x98\x1b[01m\x1b[Kvirtual void rp::arch::net::raw_serial::cancelOperation()\x1b[m\x1b[K\xe2\x80\x99:\n'}
[3.476326] (sllidar_ros2) StderrLine: {'line': b'\x1b[01m\x1b[K/home/altair/rplidarA1/ros2_ws/src/sllidar_ros2/sdk/src/arch/linux/net_serial.cpp:427:5:\x1b[m\x1b[K \x1b[01;35m\x1b[Kwarning: \x1b[m\x1b[Kvalue computed is not used [\x1b[01;35m\x1b[K\x1b]8;;https://gcc.gnu.org/onlinedocs/gcc/Warning-Options.html#index-Wunused-value\x07-Wunused-value\x1b]8;;\x07\x1b[m\x1b[K]\n'}
[3.476408] (sllidar_ros2) StderrLine: {'line': b'  427 |     \x1b[01;35m\x1b[K(int)::write(_selfpipe[1], "x", 1)\x1b[m\x1b[K;\n'}
[3.476493] (sllidar_ros2) StderrLine: {'line': b'      |     \x1b[01;35m\x1b[K^~~~~~~~~~~~~~~~~~~~~~~~~~~~~~~~~~\x1b[m\x1b[K\n'}
[3.508879] (sllidar_ros2) StderrLine: {'line': b'In file included from \x1b[01m\x1b[K/home/altair/rplidarA1/ros2_ws/src/sllidar_ros2/sdk/src/sl_lidar_driver.cpp:50\x1b[m\x1b[K:\n'}
[3.509214] (sllidar_ros2) StderrLine: {'line': b'\x1b[01m\x1b[K/home/altair/rplidarA1/ros2_ws/src/sllidar_ros2/sdk/src/dataunpacker/dataunpacker.h:\x1b[m\x1b[K In member function \xe2\x80\x98\x1b[01m\x1b[Kvirtual void sl::internal::LIDARSampleDataListener::onCustomSampleDataDecoded(_u8, _u32, const void*, size_t)\x1b[m\x1b[K\xe2\x80\x99:\n'}
[3.509328] (sllidar_ros2) StderrLine: {'line': b'\x1b[01m\x1b[K/home/altair/rplidarA1/ros2_ws/src/sllidar_ros2/sdk/src/dataunpacker/dataunpacker.h:54:52:\x1b[m\x1b[K \x1b[01;35m\x1b[Kwarning: \x1b[m\x1b[Kunused parameter \xe2\x80\x98\x1b[01m\x1b[KansType\x1b[m\x1b[K\xe2\x80\x99 [\x1b[01;35m\x1b[K\x1b]8;;https://gcc.gnu.org/onlinedocs/gcc/Warning-Options.html#index-Wunused-parameter\x07-Wunused-parameter\x1b]8;;\x07\x1b[m\x1b[K]\n'}
[3.509406] (sllidar_ros2) StderrLine: {'line': b'   54 |         virtual void onCustomSampleDataDecoded(\x1b[01;35m\x1b[K_u8 ansType\x1b[m\x1b[K, _u32 customCode, const void* data, size_t size) {}\n'}
[3.509542] (sllidar_ros2) StderrLine: {'line': b'      |                                                \x1b[01;35m\x1b[K~~~~^~~~~~~\x1b[m\x1b[K\n'}
[3.509609] (sllidar_ros2) StderrLine: {'line': b'\x1b[01m\x1b[K/home/altair/rplidarA1/ros2_ws/src/sllidar_ros2/sdk/src/dataunpacker/dataunpacker.h:54:66:\x1b[m\x1b[K \x1b[01;35m\x1b[Kwarning: \x1b[m\x1b[Kunused parameter \xe2\x80\x98\x1b[01m\x1b[KcustomCode\x1b[m\x1b[K\xe2\x80\x99 [\x1b[01;35m\x1b[K\x1b]8;;https://gcc.gnu.org/onlinedocs/gcc/Warning-Options.html#index-Wunused-parameter\x07-Wunused-parameter\x1b]8;;\x07\x1b[m\x1b[K]\n'}
[3.509675] (sllidar_ros2) StderrLine: {'line': b'   54 |         virtual void onCustomSampleDataDecoded(_u8 ansType, \x1b[01;35m\x1b[K_u32 customCode\x1b[m\x1b[K, const void* data, size_t size) {}\n'}
[3.509757] (sllidar_ros2) StderrLine: {'line': b'      |                                                             \x1b[01;35m\x1b[K~~~~~^~~~~~~~~~\x1b[m\x1b[K\n'}
[3.509833] (sllidar_ros2) StderrLine: {'line': b'\x1b[01m\x1b[K/home/altair/rplidarA1/ros2_ws/src/sllidar_ros2/sdk/src/dataunpacker/dataunpacker.h:54:90:\x1b[m\x1b[K \x1b[01;35m\x1b[Kwarning: \x1b[m\x1b[Kunused parameter \xe2\x80\x98\x1b[01m\x1b[Kdata\x1b[m\x1b[K\xe2\x80\x99 [\x1b[01;35m\x1b[K\x1b]8;;https://gcc.gnu.org/onlinedocs/gcc/Warning-Options.html#index-Wunused-parameter\x07-Wunused-parameter\x1b]8;;\x07\x1b[m\x1b[K]\n'}
[3.509916] (sllidar_ros2) StderrLine: {'line': b'   54 |         virtual void onCustomSampleDataDecoded(_u8 ansType, _u32 customCode, \x1b[01;35m\x1b[Kconst void* data\x1b[m\x1b[K, size_t size) {}\n'}
[3.509985] (sllidar_ros2) StderrLine: {'line': b'      |                                                                              \x1b[01;35m\x1b[K~~~~~~~~~~~~^~~~\x1b[m\x1b[K\n'}
[3.510053] (sllidar_ros2) StderrLine: {'line': b'\x1b[01m\x1b[K/home/altair/rplidarA1/ros2_ws/src/sllidar_ros2/sdk/src/dataunpacker/dataunpacker.h:54:103:\x1b[m\x1b[K \x1b[01;35m\x1b[Kwarning: \x1b[m\x1b[Kunused parameter \xe2\x80\x98\x1b[01m\x1b[Ksize\x1b[m\x1b[K\xe2\x80\x99 [\x1b[01;35m\x1b[K\x1b]8;;https://gcc.gnu.org/onlinedocs/gcc/Warning-Options.html#index-Wunused-parameter\x07-Wunused-parameter\x1b]8;;\x07\x1b[m\x1b[K]\n'}
[3.510127] (sllidar_ros2) StderrLine: {'line': b'   54 |         virtual void onCustomSampleDataDecoded(_u8 ansType, _u32 customCode, const void* data, \x1b[01;35m\x1b[Ksize_t size\x1b[m\x1b[K) {}\n'}
[3.510194] (sllidar_ros2) StderrLine: {'line': b'      |                                                                                                \x1b[01;35m\x1b[K~~~~~~~^~~~\x1b[m\x1b[K\n'}
[3.510261] (sllidar_ros2) StderrLine: {'line': b'\x1b[01m\x1b[K/home/altair/rplidarA1/ros2_ws/src/sllidar_ros2/sdk/src/dataunpacker/dataunpacker.h:\x1b[m\x1b[K In member function \xe2\x80\x98\x1b[01m\x1b[Kvirtual void sl::internal::LIDARSampleDataListener::onDecodingError(int, _u8, const void*, size_t)\x1b[m\x1b[K\xe2\x80\x99:\n'}
[3.510382] (sllidar_ros2) StderrLine: {'line': b'\x1b[01m\x1b[K/home/altair/rplidarA1/ros2_ws/src/sllidar_ros2/sdk/src/dataunpacker/dataunpacker.h:56:42:\x1b[m\x1b[K \x1b[01;35m\x1b[Kwarning: \x1b[m\x1b[Kunused parameter \xe2\x80\x98\x1b[01m\x1b[KerrMsg\x1b[m\x1b[K\xe2\x80\x99 [\x1b[01;35m\x1b[K\x1b]8;;https://gcc.gnu.org/onlinedocs/gcc/Warning-Options.html#index-Wunused-parameter\x07-Wunused-parameter\x1b]8;;\x07\x1b[m\x1b[K]\n'}
[3.510458] (sllidar_ros2) StderrLine: {'line': b'   56 |         virtual void onDecodingError(\x1b[01;35m\x1b[Kint errMsg\x1b[m\x1b[K, _u8 ansType, const void* payload, size_t size) {}\n'}
[3.510567] (sllidar_ros2) StderrLine: {'line': b'      |                                      \x1b[01;35m\x1b[K~~~~^~~~~~\x1b[m\x1b[K\n'}
[3.510646] (sllidar_ros2) StderrLine: {'line': b'\x1b[01m\x1b[K/home/altair/rplidarA1/ros2_ws/src/sllidar_ros2/sdk/src/dataunpacker/dataunpacker.h:56:54:\x1b[m\x1b[K \x1b[01;35m\x1b[Kwarning: \x1b[m\x1b[Kunused parameter \xe2\x80\x98\x1b[01m\x1b[KansType\x1b[m\x1b[K\xe2\x80\x99 [\x1b[01;35m\x1b[K\x1b]8;;https://gcc.gnu.org/onlinedocs/gcc/Warning-Options.html#index-Wunused-parameter\x07-Wunused-parameter\x1b]8;;\x07\x1b[m\x1b[K]\n'}
[3.510750] (sllidar_ros2) StderrLine: {'line': b'   56 |         virtual void onDecodingError(int errMsg, \x1b[01;35m\x1b[K_u8 ansType\x1b[m\x1b[K, const void* payload, size_t size) {}\n'}
[3.510814] (sllidar_ros2) StderrLine: {'line': b'      |                                                  \x1b[01;35m\x1b[K~~~~^~~~~~~\x1b[m\x1b[K\n'}
[3.510865] (sllidar_ros2) StderrLine: {'line': b'\x1b[01m\x1b[K/home/altair/rplidarA1/ros2_ws/src/sllidar_ros2/sdk/src/dataunpacker/dataunpacker.h:56:75:\x1b[m\x1b[K \x1b[01;35m\x1b[Kwarning: \x1b[m\x1b[Kunused parameter \xe2\x80\x98\x1b[01m\x1b[Kpayload\x1b[m\x1b[K\xe2\x80\x99 [\x1b[01;35m\x1b[K\x1b]8;;https://gcc.gnu.org/onlinedocs/gcc/Warning-Options.html#index-Wunused-parameter\x07-Wunused-parameter\x1b]8;;\x07\x1b[m\x1b[K]\n'}
[3.510918] (sllidar_ros2) StderrLine: {'line': b'   56 |         virtual void onDecodingError(int errMsg, _u8 ansType, \x1b[01;35m\x1b[Kconst void* payload\x1b[m\x1b[K, size_t size) {}\n'}
[3.510968] (sllidar_ros2) StderrLine: {'line': b'      |                                                               \x1b[01;35m\x1b[K~~~~~~~~~~~~^~~~~~~\x1b[m\x1b[K\n'}
[3.511018] (sllidar_ros2) StderrLine: {'line': b'\x1b[01m\x1b[K/home/altair/rplidarA1/ros2_ws/src/sllidar_ros2/sdk/src/dataunpacker/dataunpacker.h:56:91:\x1b[m\x1b[K \x1b[01;35m\x1b[Kwarning: \x1b[m\x1b[Kunused parameter \xe2\x80\x98\x1b[01m\x1b[Ksize\x1b[m\x1b[K\xe2\x80\x99 [\x1b[01;35m\x1b[K\x1b]8;;https://gcc.gnu.org/onlinedocs/gcc/Warning-Options.html#index-Wunused-parameter\x07-Wunused-parameter\x1b]8;;\x07\x1b[m\x1b[K]\n'}
[3.511070] (sllidar_ros2) StderrLine: {'line': b'   56 |         virtual void onDecodingError(int errMsg, _u8 ansType, const void* payload, \x1b[01;35m\x1b[Ksize_t size\x1b[m\x1b[K) {}\n'}
[3.511120] (sllidar_ros2) StderrLine: {'line': b'      |                                                                                    \x1b[01;35m\x1b[K~~~~~~~^~~~\x1b[m\x1b[K\n'}
[3.519602] (sllidar_ros2) StderrLine: {'line': b'In file included from \x1b[01m\x1b[K/home/altair/rplidarA1/ros2_ws/src/sllidar_ros2/sdk/src/sl_lidar_driver.cpp:51\x1b[m\x1b[K:\n'}
[3.519916] (sllidar_ros2) StderrLine: {'line': b'\x1b[01m\x1b[K/home/altair/rplidarA1/ros2_ws/src/sllidar_ros2/sdk/src/sl_async_transceiver.h:\x1b[m\x1b[K In member function \xe2\x80\x98\x1b[01m\x1b[Kvirtual void sl::internal::IAsyncProtocolCodec::onChannelError(u_result)\x1b[m\x1b[K\xe2\x80\x99:\n'}
[3.520055] (sllidar_ros2) StderrLine: {'line': b'\x1b[01m\x1b[K/home/altair/rplidarA1/ros2_ws/src/sllidar_ros2/sdk/src/sl_async_transceiver.h:90:48:\x1b[m\x1b[K \x1b[01;35m\x1b[Kwarning: \x1b[m\x1b[Kunused parameter \xe2\x80\x98\x1b[01m\x1b[KerrCode\x1b[m\x1b[K\xe2\x80\x99 [\x1b[01;35m\x1b[K\x1b]8;;https://gcc.gnu.org/onlinedocs/gcc/Warning-Options.html#index-Wunused-parameter\x07-Wunused-parameter\x1b]8;;\x07\x1b[m\x1b[K]\n'}
[3.520236] (sllidar_ros2) StderrLine: {'line': b'   90 |         virtual void   onChannelError(\x1b[01;35m\x1b[Ku_result errCode\x1b[m\x1b[K) {}\n'}
[3.520337] (sllidar_ros2) StderrLine: {'line': b'      |                                       \x1b[01;35m\x1b[K~~~~~~~~~^~~~~~~\x1b[m\x1b[K\n'}
[3.527549] (-) TimerEvent: {}
[3.546671] (sllidar_ros2) StderrLine: {'line': b'In file included from \x1b[01m\x1b[K/home/altair/rplidarA1/ros2_ws/src/sllidar_ros2/sdk/src/sl_lidarprotocol_codec.cpp:49\x1b[m\x1b[K:\n'}
[3.546952] (sllidar_ros2) StderrLine: {'line': b'\x1b[01m\x1b[K/home/altair/rplidarA1/ros2_ws/src/sllidar_ros2/sdk/src/sl_async_transceiver.h:\x1b[m\x1b[K In member function \xe2\x80\x98\x1b[01m\x1b[Kvirtual void sl::internal::IAsyncProtocolCodec::onChannelError(u_result)\x1b[m\x1b[K\xe2\x80\x99:\n'}
[3.547073] (sllidar_ros2) StderrLine: {'line': b'\x1b[01m\x1b[K/home/altair/rplidarA1/ros2_ws/src/sllidar_ros2/sdk/src/sl_async_transceiver.h:90:48:\x1b[m\x1b[K \x1b[01;35m\x1b[Kwarning: \x1b[m\x1b[Kunused parameter \xe2\x80\x98\x1b[01m\x1b[KerrCode\x1b[m\x1b[K\xe2\x80\x99 [\x1b[01;35m\x1b[K\x1b]8;;https://gcc.gnu.org/onlinedocs/gcc/Warning-Options.html#index-Wunused-parameter\x07-Wunused-parameter\x1b]8;;\x07\x1b[m\x1b[K]\n'}
[3.547199] (sllidar_ros2) StderrLine: {'line': b'   90 |         virtual void   onChannelError(\x1b[01;35m\x1b[Ku_result errCode\x1b[m\x1b[K) {}\n'}
[3.547293] (sllidar_ros2) StderrLine: {'line': b'      |                                       \x1b[01;35m\x1b[K~~~~~~~~~^~~~~~~\x1b[m\x1b[K\n'}
[3.549428] (sllidar_ros2) StderrLine: {'line': b'In file included from \x1b[01m\x1b[K/home/altair/rplidarA1/ros2_ws/src/sllidar_ros2/sdk/src/dataunpacker/dataunpacker.cpp:40\x1b[m\x1b[K:\n'}
[3.549745] (sllidar_ros2) StderrLine: {'line': b'\x1b[01m\x1b[K/home/altair/rplidarA1/ros2_ws/src/sllidar_ros2/sdk/src/dataunpacker/dataunpacker.h:\x1b[m\x1b[K In member function \xe2\x80\x98\x1b[01m\x1b[Kvirtual void sl::internal::LIDARSampleDataListener::onCustomSampleDataDecoded(_u8, _u32, const void*, size_t)\x1b[m\x1b[K\xe2\x80\x99:\n'}
[3.549885] (sllidar_ros2) StderrLine: {'line': b'\x1b[01m\x1b[K/home/altair/rplidarA1/ros2_ws/src/sllidar_ros2/sdk/src/dataunpacker/dataunpacker.h:54:52:\x1b[m\x1b[K \x1b[01;35m\x1b[Kwarning: \x1b[m\x1b[Kunused parameter \xe2\x80\x98\x1b[01m\x1b[KansType\x1b[m\x1b[K\xe2\x80\x99 [\x1b[01;35m\x1b[K\x1b]8;;https://gcc.gnu.org/onlinedocs/gcc/Warning-Options.html#index-Wunused-parameter\x07-Wunused-parameter\x1b]8;;\x07\x1b[m\x1b[K]\n'}
[3.549982] (sllidar_ros2) StderrLine: {'line': b'   54 |         virtual void onCustomSampleDataDecoded(\x1b[01;35m\x1b[K_u8 ansType\x1b[m\x1b[K, _u32 customCode, const void* data, size_t size) {}\n'}
[3.550069] (sllidar_ros2) StderrLine: {'line': b'      |                                                \x1b[01;35m\x1b[K~~~~^~~~~~~\x1b[m\x1b[K\n'}
[3.550149] (sllidar_ros2) StderrLine: {'line': b'\x1b[01m\x1b[K/home/altair/rplidarA1/ros2_ws/src/sllidar_ros2/sdk/src/dataunpacker/dataunpacker.h:54:66:\x1b[m\x1b[K \x1b[01;35m\x1b[Kwarning: \x1b[m\x1b[Kunused parameter \xe2\x80\x98\x1b[01m\x1b[KcustomCode\x1b[m\x1b[K\xe2\x80\x99 [\x1b[01;35m\x1b[K\x1b]8;;https://gcc.gnu.org/onlinedocs/gcc/Warning-Options.html#index-Wunused-parameter\x07-Wunused-parameter\x1b]8;;\x07\x1b[m\x1b[K]\n'}
[3.550235] (sllidar_ros2) StderrLine: {'line': b'   54 |         virtual void onCustomSampleDataDecoded(_u8 ansType, \x1b[01;35m\x1b[K_u32 customCode\x1b[m\x1b[K, const void* data, size_t size) {}\n'}
[3.550315] (sllidar_ros2) StderrLine: {'line': b'      |                                                             \x1b[01;35m\x1b[K~~~~~^~~~~~~~~~\x1b[m\x1b[K\n'}
[3.550399] (sllidar_ros2) StderrLine: {'line': b'\x1b[01m\x1b[K/home/altair/rplidarA1/ros2_ws/src/sllidar_ros2/sdk/src/dataunpacker/dataunpacker.h:54:90:\x1b[m\x1b[K \x1b[01;35m\x1b[Kwarning: \x1b[m\x1b[Kunused parameter \xe2\x80\x98\x1b[01m\x1b[Kdata\x1b[m\x1b[K\xe2\x80\x99 [\x1b[01;35m\x1b[K\x1b]8;;https://gcc.gnu.org/onlinedocs/gcc/Warning-Options.html#index-Wunused-parameter\x07-Wunused-parameter\x1b]8;;\x07\x1b[m\x1b[K]\n'}
[3.550497] (sllidar_ros2) StderrLine: {'line': b'   54 |         virtual void onCustomSampleDataDecoded(_u8 ansType, _u32 customCode, \x1b[01;35m\x1b[Kconst void* data\x1b[m\x1b[K, size_t size) {}\n'}
[3.550608] (sllidar_ros2) StderrLine: {'line': b'      |                                                                              \x1b[01;35m\x1b[K~~~~~~~~~~~~^~~~\x1b[m\x1b[K\n'}
[3.550693] (sllidar_ros2) StderrLine: {'line': b'\x1b[01m\x1b[K/home/altair/rplidarA1/ros2_ws/src/sllidar_ros2/sdk/src/dataunpacker/dataunpacker.h:54:103:\x1b[m\x1b[K \x1b[01;35m\x1b[Kwarning: \x1b[m\x1b[Kunused parameter \xe2\x80\x98\x1b[01m\x1b[Ksize\x1b[m\x1b[K\xe2\x80\x99 [\x1b[01;35m\x1b[K\x1b]8;;https://gcc.gnu.org/onlinedocs/gcc/Warning-Options.html#index-Wunused-parameter\x07-Wunused-parameter\x1b]8;;\x07\x1b[m\x1b[K]\n'}
[3.550780] (sllidar_ros2) StderrLine: {'line': b'   54 |         virtual void onCustomSampleDataDecoded(_u8 ansType, _u32 customCode, const void* data, \x1b[01;35m\x1b[Ksize_t size\x1b[m\x1b[K) {}\n'}
[3.550861] (sllidar_ros2) StderrLine: {'line': b'      |                                                                                                \x1b[01;35m\x1b[K~~~~~~~^~~~\x1b[m\x1b[K\n'}
[3.550965] (sllidar_ros2) StderrLine: {'line': b'\x1b[01m\x1b[K/home/altair/rplidarA1/ros2_ws/src/sllidar_ros2/sdk/src/dataunpacker/dataunpacker.h:\x1b[m\x1b[K In member function \xe2\x80\x98\x1b[01m\x1b[Kvirtual void sl::internal::LIDARSampleDataListener::onDecodingError(int, _u8, const void*, size_t)\x1b[m\x1b[K\xe2\x80\x99:\n'}
[3.551063] (sllidar_ros2) StderrLine: {'line': b'\x1b[01m\x1b[K/home/altair/rplidarA1/ros2_ws/src/sllidar_ros2/sdk/src/dataunpacker/dataunpacker.h:56:42:\x1b[m\x1b[K \x1b[01;35m\x1b[Kwarning: \x1b[m\x1b[Kunused parameter \xe2\x80\x98\x1b[01m\x1b[KerrMsg\x1b[m\x1b[K\xe2\x80\x99 [\x1b[01;35m\x1b[K\x1b]8;;https://gcc.gnu.org/onlinedocs/gcc/Warning-Options.html#index-Wunused-parameter\x07-Wunused-parameter\x1b]8;;\x07\x1b[m\x1b[K]\n'}
[3.551161] (sllidar_ros2) StderrLine: {'line': b'   56 |         virtual void onDecodingError(\x1b[01;35m\x1b[Kint errMsg\x1b[m\x1b[K, _u8 ansType, const void* payload, size_t size) {}\n'}
[3.551253] (sllidar_ros2) StderrLine: {'line': b'      |                                      \x1b[01;35m\x1b[K~~~~^~~~~~\x1b[m\x1b[K\n'}
[3.551335] (sllidar_ros2) StderrLine: {'line': b'\x1b[01m\x1b[K/home/altair/rplidarA1/ros2_ws/src/sllidar_ros2/sdk/src/dataunpacker/dataunpacker.h:56:54:\x1b[m\x1b[K \x1b[01;35m\x1b[Kwarning: \x1b[m\x1b[Kunused parameter \xe2\x80\x98\x1b[01m\x1b[KansType\x1b[m\x1b[K\xe2\x80\x99 [\x1b[01;35m\x1b[K\x1b]8;;https://gcc.gnu.org/onlinedocs/gcc/Warning-Options.html#index-Wunused-parameter\x07-Wunused-parameter\x1b]8;;\x07\x1b[m\x1b[K]\n'}
[3.551428] (sllidar_ros2) StderrLine: {'line': b'   56 |         virtual void onDecodingError(int errMsg, \x1b[01;35m\x1b[K_u8 ansType\x1b[m\x1b[K, const void* payload, size_t size) {}\n'}
[3.551550] (sllidar_ros2) StderrLine: {'line': b'      |                                                  \x1b[01;35m\x1b[K~~~~^~~~~~~\x1b[m\x1b[K\n'}
[3.551636] (sllidar_ros2) StderrLine: {'line': b'In file included from \x1b[01m\x1b[K/home/altair/rplidarA1/ros2_ws/src/sllidar_ros2/sdk/src/dataunpacker/unpacker/handler_capsules.cpp:40\x1b[m\x1b[K:\n'}
[3.551718] (sllidar_ros2) StderrLine: {'line': b'\x1b[01m\x1b[K/home/altair/rplidarA1/ros2_ws/src/sllidar_ros2/sdk/src/dataunpacker/unpacker/../dataunpacker.h:\x1b[m\x1b[K In member function \xe2\x80\x98\x1b[01m\x1b[Kvirtual void sl::internal::LIDARSampleDataListener::onCustomSampleDataDecoded(_u8, _u32, const void*, size_t)\x1b[m\x1b[K\xe2\x80\x99:\n'}
[3.551804] (sllidar_ros2) StderrLine: {'line': b'\x1b[01m\x1b[K/home/altair/rplidarA1/ros2_ws/src/sllidar_ros2/sdk/src/dataunpacker/unpacker/../dataunpacker.h:54:52:\x1b[m\x1b[K \x1b[01;35m\x1b[Kwarning: \x1b[m\x1b[Kunused parameter \xe2\x80\x98\x1b[01m\x1b[KansType\x1b[m\x1b[K\xe2\x80\x99 [\x1b[01;35m\x1b[K\x1b]8;;https://gcc.gnu.org/onlinedocs/gcc/Warning-Options.html#index-Wunused-parameter\x07-Wunused-parameter\x1b]8;;\x07\x1b[m\x1b[K]\n'}
[3.551890] (sllidar_ros2) StderrLine: {'line': b'   54 |         virtual void onCustomSampleDataDecoded(\x1b[01;35m\x1b[K_u8 ansType\x1b[m\x1b[K, _u32 customCode, const void* data, size_t size) {}\n'}
[3.551969] (sllidar_ros2) StderrLine: {'line': b'      |                                                \x1b[01;35m\x1b[K~~~~^~~~~~~\x1b[m\x1b[K\n'}
[3.552048] (sllidar_ros2) StderrLine: {'line': b'\x1b[01m\x1b[K/home/altair/rplidarA1/ros2_ws/src/sllidar_ros2/sdk/src/dataunpacker/dataunpacker.h:56:75:\x1b[m\x1b[K \x1b[01;35m\x1b[Kwarning: \x1b[m\x1b[Kunused parameter \xe2\x80\x98\x1b[01m\x1b[Kpayload\x1b[m\x1b[K\xe2\x80\x99 [\x1b[01;35m\x1b[K\x1b]8;;https://gcc.gnu.org/onlinedocs/gcc/Warning-Options.html#index-Wunused-parameter\x07-Wunused-parameter\x1b]8;;\x07\x1b[m\x1b[K]\n'}
[3.552134] (sllidar_ros2) StderrLine: {'line': b'   56 |         virtual void onDecodingError(int errMsg, _u8 ansType, \x1b[01;35m\x1b[Kconst void* payload\x1b[m\x1b[K, size_t size) {}\n'}
[3.552226] (sllidar_ros2) StderrLine: {'line': b'      |                                                               \x1b[01;35m\x1b[K~~~~~~~~~~~~^~~~~~~\x1b[m\x1b[K\n'}
[3.552310] (sllidar_ros2) StderrLine: {'line': b'\x1b[01m\x1b[K/home/altair/rplidarA1/ros2_ws/src/sllidar_ros2/sdk/src/dataunpacker/unpacker/../dataunpacker.h:54:66:\x1b[m\x1b[K \x1b[01;35m\x1b[Kwarning: \x1b[m\x1b[Kunused parameter \xe2\x80\x98\x1b[01m\x1b[KcustomCode\x1b[m\x1b[K\xe2\x80\x99 [\x1b[01;35m\x1b[K\x1b]8;;https://gcc.gnu.org/onlinedocs/gcc/Warning-Options.html#index-Wunused-parameter\x07-Wunused-parameter\x1b]8;;\x07\x1b[m\x1b[K]\n'}
[3.552426] (sllidar_ros2) StderrLine: {'line': b'   54 |         virtual void onCustomSampleDataDecoded(_u8 ansType, \x1b[01;35m\x1b[K_u32 customCode\x1b[m\x1b[K, const void* data, size_t size) {}\n'}
[3.552551] (sllidar_ros2) StderrLine: {'line': b'      |                                                             \x1b[01;35m\x1b[K~~~~~^~~~~~~~~~\x1b[m\x1b[K\n'}
[3.552642] (sllidar_ros2) StderrLine: {'line': b'\x1b[01m\x1b[K/home/altair/rplidarA1/ros2_ws/src/sllidar_ros2/sdk/src/dataunpacker/dataunpacker.h:56:91:\x1b[m\x1b[K \x1b[01;35m\x1b[Kwarning: \x1b[m\x1b[Kunused parameter \xe2\x80\x98\x1b[01m\x1b[Ksize\x1b[m\x1b[K\xe2\x80\x99 [\x1b[01;35m\x1b[K\x1b]8;;https://gcc.gnu.org/onlinedocs/gcc/Warning-Options.html#index-Wunused-parameter\x07-Wunused-parameter\x1b]8;;\x07\x1b[m\x1b[K]\n'}
[3.552729] (sllidar_ros2) StderrLine: {'line': b'   56 |         virtual void onDecodingError(int errMsg, _u8 ansType, const void* payload, \x1b[01;35m\x1b[Ksize_t size\x1b[m\x1b[K) {}\n'}
[3.552810] (sllidar_ros2) StderrLine: {'line': b'      |                                                                                    \x1b[01;35m\x1b[K~~~~~~~^~~~\x1b[m\x1b[K\n'}
[3.552891] (sllidar_ros2) StderrLine: {'line': b'\x1b[01m\x1b[K/home/altair/rplidarA1/ros2_ws/src/sllidar_ros2/sdk/src/dataunpacker/unpacker/../dataunpacker.h:54:90:\x1b[m\x1b[K \x1b[01;35m\x1b[Kwarning: \x1b[m\x1b[Kunused parameter \xe2\x80\x98\x1b[01m\x1b[Kdata\x1b[m\x1b[K\xe2\x80\x99 [\x1b[01;35m\x1b[K\x1b]8;;https://gcc.gnu.org/onlinedocs/gcc/Warning-Options.html#index-Wunused-parameter\x07-Wunused-parameter\x1b]8;;\x07\x1b[m\x1b[K]\n'}
[3.552994] (sllidar_ros2) StderrLine: {'line': b'   54 |         virtual void onCustomSampleDataDecoded(_u8 ansType, _u32 customCode, \x1b[01;35m\x1b[Kconst void* data\x1b[m\x1b[K, size_t size) {}\n'}
[3.553080] (sllidar_ros2) StderrLine: {'line': b'      |                                                                              \x1b[01;35m\x1b[K~~~~~~~~~~~~^~~~\x1b[m\x1b[K\n'}
[3.553161] (sllidar_ros2) StderrLine: {'line': b'\x1b[01m\x1b[K/home/altair/rplidarA1/ros2_ws/src/sllidar_ros2/sdk/src/dataunpacker/unpacker/../dataunpacker.h:54:103:\x1b[m\x1b[K \x1b[01;35m\x1b[Kwarning: \x1b[m\x1b[Kunused parameter \xe2\x80\x98\x1b[01m\x1b[Ksize\x1b[m\x1b[K\xe2\x80\x99 [\x1b[01;35m\x1b[K\x1b]8;;https://gcc.gnu.org/onlinedocs/gcc/Warning-Options.html#index-Wunused-parameter\x07-Wunused-parameter\x1b]8;;\x07\x1b[m\x1b[K]\n'}
[3.553262] (sllidar_ros2) StderrLine: {'line': b'   54 |         virtual void onCustomSampleDataDecoded(_u8 ansType, _u32 customCode, const void* data, \x1b[01;35m\x1b[Ksize_t size\x1b[m\x1b[K) {}\n'}
[3.553348] (sllidar_ros2) StderrLine: {'line': b'      |                                                                                                \x1b[01;35m\x1b[K~~~~~~~^~~~\x1b[m\x1b[K\n'}
[3.553430] (sllidar_ros2) StderrLine: {'line': b'\x1b[01m\x1b[K/home/altair/rplidarA1/ros2_ws/src/sllidar_ros2/sdk/src/dataunpacker/unpacker/../dataunpacker.h:\x1b[m\x1b[K In member function \xe2\x80\x98\x1b[01m\x1b[Kvirtual void sl::internal::LIDARSampleDataListener::onDecodingError(int, _u8, const void*, size_t)\x1b[m\x1b[K\xe2\x80\x99:\n'}
[3.553560] (sllidar_ros2) StderrLine: {'line': b'\x1b[01m\x1b[K/home/altair/rplidarA1/ros2_ws/src/sllidar_ros2/sdk/src/dataunpacker/unpacker/../dataunpacker.h:56:42:\x1b[m\x1b[K \x1b[01;35m\x1b[Kwarning: \x1b[m\x1b[Kunused parameter \xe2\x80\x98\x1b[01m\x1b[KerrMsg\x1b[m\x1b[K\xe2\x80\x99 [\x1b[01;35m\x1b[K\x1b]8;;https://gcc.gnu.org/onlinedocs/gcc/Warning-Options.html#index-Wunused-parameter\x07-Wunused-parameter\x1b]8;;\x07\x1b[m\x1b[K]\n'}
[3.553660] (sllidar_ros2) StderrLine: {'line': b'   56 |         virtual void onDecodingError(\x1b[01;35m\x1b[Kint errMsg\x1b[m\x1b[K, _u8 ansType, const void* payload, size_t size) {}\n'}
[3.553766] (sllidar_ros2) StderrLine: {'line': b'      |                                      \x1b[01;35m\x1b[K~~~~^~~~~~\x1b[m\x1b[K\n'}
[3.553849] (sllidar_ros2) StderrLine: {'line': b'\x1b[01m\x1b[K/home/altair/rplidarA1/ros2_ws/src/sllidar_ros2/sdk/src/dataunpacker/unpacker/../dataunpacker.h:56:54:\x1b[m\x1b[K \x1b[01;35m\x1b[Kwarning: \x1b[m\x1b[Kunused parameter \xe2\x80\x98\x1b[01m\x1b[KansType\x1b[m\x1b[K\xe2\x80\x99 [\x1b[01;35m\x1b[K\x1b]8;;https://gcc.gnu.org/onlinedocs/gcc/Warning-Options.html#index-Wunused-parameter\x07-Wunused-parameter\x1b]8;;\x07\x1b[m\x1b[K]\n'}
[3.553935] (sllidar_ros2) StderrLine: {'line': b'   56 |         virtual void onDecodingError(int errMsg, \x1b[01;35m\x1b[K_u8 ansType\x1b[m\x1b[K, const void* payload, size_t size) {}\n'}
[3.554018] (sllidar_ros2) StderrLine: {'line': b'      |                                                  \x1b[01;35m\x1b[K~~~~^~~~~~~\x1b[m\x1b[K\n'}
[3.554100] (sllidar_ros2) StderrLine: {'line': b'\x1b[01m\x1b[K/home/altair/rplidarA1/ros2_ws/src/sllidar_ros2/sdk/src/dataunpacker/unpacker/../dataunpacker.h:56:75:\x1b[m\x1b[K \x1b[01;35m\x1b[Kwarning: \x1b[m\x1b[Kunused parameter \xe2\x80\x98\x1b[01m\x1b[Kpayload\x1b[m\x1b[K\xe2\x80\x99 [\x1b[01;35m\x1b[K\x1b]8;;https://gcc.gnu.org/onlinedocs/gcc/Warning-Options.html#index-Wunused-parameter\x07-Wunused-parameter\x1b]8;;\x07\x1b[m\x1b[K]\n'}
[3.554191] (sllidar_ros2) StderrLine: {'line': b'   56 |         virtual void onDecodingError(int errMsg, _u8 ansType, \x1b[01;35m\x1b[Kconst void* payload\x1b[m\x1b[K, size_t size) {}\n'}
[3.554290] (sllidar_ros2) StderrLine: {'line': b'      |                                                               \x1b[01;35m\x1b[K~~~~~~~~~~~~^~~~~~~\x1b[m\x1b[K\n'}
[3.554375] (sllidar_ros2) StderrLine: {'line': b'\x1b[01m\x1b[K/home/altair/rplidarA1/ros2_ws/src/sllidar_ros2/sdk/src/dataunpacker/unpacker/../dataunpacker.h:56:91:\x1b[m\x1b[K \x1b[01;35m\x1b[Kwarning: \x1b[m\x1b[Kunused parameter \xe2\x80\x98\x1b[01m\x1b[Ksize\x1b[m\x1b[K\xe2\x80\x99 [\x1b[01;35m\x1b[K\x1b]8;;https://gcc.gnu.org/onlinedocs/gcc/Warning-Options.html#index-Wunused-parameter\x07-Wunused-parameter\x1b]8;;\x07\x1b[m\x1b[K]\n'}
[3.554464] (sllidar_ros2) StderrLine: {'line': b'   56 |         virtual void onDecodingError(int errMsg, _u8 ansType, const void* payload, \x1b[01;35m\x1b[Ksize_t size\x1b[m\x1b[K) {}\n'}
[3.554597] (sllidar_ros2) StderrLine: {'line': b'      |                                                                                    \x1b[01;35m\x1b[K~~~~~~~^~~~\x1b[m\x1b[K\n'}
[3.554829] (sllidar_ros2) StderrLine: {'line': b'\x1b[01m\x1b[K/home/altair/rplidarA1/ros2_ws/src/sllidar_ros2/sdk/src/sl_lidar_driver.cpp:\x1b[m\x1b[K In member function \xe2\x80\x98\x1b[01m\x1b[Kvirtual sl_result sl::SlamtecLidarDriver::reset(sl_u32)\x1b[m\x1b[K\xe2\x80\x99:\n'}
[3.554998] (sllidar_ros2) StderrLine: {'line': b'\x1b[01m\x1b[K/home/altair/rplidarA1/ros2_ws/src/sllidar_ros2/sdk/src/sl_lidar_driver.cpp:511:32:\x1b[m\x1b[K \x1b[01;35m\x1b[Kwarning: \x1b[m\x1b[Kunused parameter \xe2\x80\x98\x1b[01m\x1b[KtimeoutInMs\x1b[m\x1b[K\xe2\x80\x99 [\x1b[01;35m\x1b[K\x1b]8;;https://gcc.gnu.org/onlinedocs/gcc/Warning-Options.html#index-Wunused-parameter\x07-Wunused-parameter\x1b]8;;\x07\x1b[m\x1b[K]\n'}
[3.555106] (sllidar_ros2) StderrLine: {'line': b'  511 |         sl_result reset(\x1b[01;35m\x1b[Ksl_u32 timeoutInMs = DEFAULT_TIMEOUT\x1b[m\x1b[K)\n'}
[3.555186] (sllidar_ros2) StderrLine: {'line': b'      |                         \x1b[01;35m\x1b[K~~~~~~~^~~~~~~~~~~~~~~~~~~~~~~~~~~~~\x1b[m\x1b[K\n'}
[3.562306] (sllidar_ros2) StderrLine: {'line': b'\x1b[01m\x1b[K/home/altair/rplidarA1/ros2_ws/src/sllidar_ros2/sdk/src/sl_lidar_driver.cpp:\x1b[m\x1b[K In member function \xe2\x80\x98\x1b[01m\x1b[Kvirtual sl_result sl::SlamtecLidarDriver::startScan(bool, bool, sl_u32, sl::LidarScanMode*)\x1b[m\x1b[K\xe2\x80\x99:\n'}
[3.562652] (sllidar_ros2) StderrLine: {'line': b'\x1b[01m\x1b[K/home/altair/rplidarA1/ros2_ws/src/sllidar_ros2/sdk/src/sl_lidar_driver.cpp:586:69:\x1b[m\x1b[K \x1b[01;35m\x1b[Kwarning: \x1b[m\x1b[Kunused parameter \xe2\x80\x98\x1b[01m\x1b[Koptions\x1b[m\x1b[K\xe2\x80\x99 [\x1b[01;35m\x1b[K\x1b]8;;https://gcc.gnu.org/onlinedocs/gcc/Warning-Options.html#index-Wunused-parameter\x07-Wunused-parameter\x1b]8;;\x07\x1b[m\x1b[K]\n'}
[3.562782] (sllidar_ros2) StderrLine: {'line': b'  586 |         sl_result startScan(bool force, bool useTypicalScan, \x1b[01;35m\x1b[Ksl_u32 options = 0\x1b[m\x1b[K, LidarScanMode* outUsedScanMode = nullptr)\n'}
[3.562877] (sllidar_ros2) StderrLine: {'line': b'      |                                                              \x1b[01;35m\x1b[K~~~~~~~^~~~~~~~~~~\x1b[m\x1b[K\n'}
[3.562960] (sllidar_ros2) StderrLine: {'line': b'\x1b[01m\x1b[K/home/altair/rplidarA1/ros2_ws/src/sllidar_ros2/sdk/src/sl_lidar_driver.cpp:\x1b[m\x1b[K In member function \xe2\x80\x98\x1b[01m\x1b[Kvirtual sl_result sl::SlamtecLidarDriver::stop(sl_u32)\x1b[m\x1b[K\xe2\x80\x99:\n'}
[3.563055] (sllidar_ros2) StderrLine: {'line': b'\x1b[01m\x1b[K/home/altair/rplidarA1/ros2_ws/src/sllidar_ros2/sdk/src/sl_lidar_driver.cpp:763:31:\x1b[m\x1b[K \x1b[01;35m\x1b[Kwarning: \x1b[m\x1b[Kunused parameter \xe2\x80\x98\x1b[01m\x1b[Ktimeout\x1b[m\x1b[K\xe2\x80\x99 [\x1b[01;35m\x1b[K\x1b]8;;https://gcc.gnu.org/onlinedocs/gcc/Warning-Options.html#index-Wunused-parameter\x07-Wunused-parameter\x1b]8;;\x07\x1b[m\x1b[K]\n'}
[3.563141] (sllidar_ros2) StderrLine: {'line': b'  763 |         sl_result stop(\x1b[01;35m\x1b[Ksl_u32 timeout = DEFAULT_TIMEOUT\x1b[m\x1b[K)\n'}
[3.563223] (sllidar_ros2) StderrLine: {'line': b'      |                        \x1b[01;35m\x1b[K~~~~~~~^~~~~~~~~~~~~~~~~~~~~~~~~\x1b[m\x1b[K\n'}
[3.564891] (sllidar_ros2) StderrLine: {'line': b'\x1b[01m\x1b[K/home/altair/rplidarA1/ros2_ws/src/sllidar_ros2/sdk/src/sl_lidar_driver.cpp:\x1b[m\x1b[K In member function \xe2\x80\x98\x1b[01m\x1b[Kvirtual sl_result sl::SlamtecLidarDriver::getFrequency(const sl::LidarScanMode&, const sl_lidar_response_measurement_node_hq_t*, size_t, float&)\x1b[m\x1b[K\xe2\x80\x99:\n'}
[3.565203] (sllidar_ros2) StderrLine: {'line': b'\x1b[01m\x1b[K/home/altair/rplidarA1/ros2_ws/src/sllidar_ros2/sdk/src/sl_lidar_driver.cpp:880:110:\x1b[m\x1b[K \x1b[01;35m\x1b[Kwarning: \x1b[m\x1b[Kunused parameter \xe2\x80\x98\x1b[01m\x1b[Knodes\x1b[m\x1b[K\xe2\x80\x99 [\x1b[01;35m\x1b[K\x1b]8;;https://gcc.gnu.org/onlinedocs/gcc/Warning-Options.html#index-Wunused-parameter\x07-Wunused-parameter\x1b]8;;\x07\x1b[m\x1b[K]\n'}
[3.565322] (sllidar_ros2) StderrLine: {'line': b'  880 |         sl_result getFrequency(const LidarScanMode& scanMode, \x1b[01;35m\x1b[Kconst sl_lidar_response_measurement_node_hq_t* nodes\x1b[m\x1b[K, size_t count, float& frequency)\n'}
[3.565416] (sllidar_ros2) StderrLine: {'line': b'      |                                                               \x1b[01;35m\x1b[K~~~~~~~~~~~~~~~~~~~~~~~~~~~~~~~~~~~~~~~~~~~~~~~^~~~~\x1b[m\x1b[K\n'}
[3.566290] (sllidar_ros2) StderrLine: {'line': b'\x1b[01m\x1b[K/home/altair/rplidarA1/ros2_ws/src/sllidar_ros2/sdk/src/dataunpacker/unpacker/handler_capsules.cpp:\x1b[m\x1b[K In member function \xe2\x80\x98\x1b[01m\x1b[Kvoid sl::internal::unpacker::UnpackerHandler_DenseCapsuleNode::_onScanNodeDenseCapsuleData(rplidar_response_dense_capsule_measurement_nodes_t&, sl::internal::LIDARSampleDataUnpackerInner*)\x1b[m\x1b[K\xe2\x80\x99:\n'}
[3.566596] (sllidar_ros2) StderrLine: {'line': b'\x1b[01m\x1b[K/home/altair/rplidarA1/ros2_ws/src/sllidar_ros2/sdk/src/dataunpacker/unpacker/handler_capsules.cpp:763:30:\x1b[m\x1b[K \x1b[01;35m\x1b[Kwarning: \x1b[m\x1b[Ktype qualifiers ignored on cast result type [\x1b[01;35m\x1b[K\x1b]8;;https://gcc.gnu.org/onlinedocs/gcc/Warning-Options.html#index-Wignored-qualifiers\x07-Wignored-qualifiers\x1b]8;;\x07\x1b[m\x1b[K]\n'}
[3.566725] (sllidar_ros2) StderrLine: {'line': b'  763 |             const int dist = \x1b[01;35m\x1b[Kstatic_cast<const int>(_cached_previous_dense_capsuledata.cabins[pos].distance)\x1b[m\x1b[K;\n'}
[3.566817] (sllidar_ros2) StderrLine: {'line': b'      |                              \x1b[01;35m\x1b[K^~~~~~~~~~~~~~~~~~~~~~~~~~~~~~~~~~~~~~~~~~~~~~~~~~~~~~~~~~~~~~~~~~~~~~~~~~~~~~~\x1b[m\x1b[K\n'}
[3.567743] (sllidar_ros2) StderrLine: {'line': b'\x1b[01m\x1b[K/home/altair/rplidarA1/ros2_ws/src/sllidar_ros2/sdk/src/sl_lidar_driver.cpp:\x1b[m\x1b[K In member function \xe2\x80\x98\x1b[01m\x1b[Kvirtual sl_result sl::SlamtecLidarDriver::getMotorInfo(sl::LidarMotorInfo&, sl_u32)\x1b[m\x1b[K\xe2\x80\x99:\n'}
[3.568027] (sllidar_ros2) StderrLine: {'line': b'\x1b[01m\x1b[K/home/altair/rplidarA1/ros2_ws/src/sllidar_ros2/sdk/src/sl_lidar_driver.cpp:1023:66:\x1b[m\x1b[K \x1b[01;35m\x1b[Kwarning: \x1b[m\x1b[Kunused parameter \xe2\x80\x98\x1b[01m\x1b[KtimeoutInMs\x1b[m\x1b[K\xe2\x80\x99 [\x1b[01;35m\x1b[K\x1b]8;;https://gcc.gnu.org/onlinedocs/gcc/Warning-Options.html#index-Wunused-parameter\x07-Wunused-parameter\x1b]8;;\x07\x1b[m\x1b[K]\n'}
[3.568136] (sllidar_ros2) StderrLine: {'line': b' 1023 |         sl_result getMotorInfo(LidarMotorInfo &motorInfo, \x1b[01;35m\x1b[Ksl_u32 timeoutInMs\x1b[m\x1b[K)\n'}
[3.568229] (sllidar_ros2) StderrLine: {'line': b'      |                                                           \x1b[01;35m\x1b[K~~~~~~~^~~~~~~~~~~\x1b[m\x1b[K\n'}
[3.569347] (sllidar_ros2) StderrLine: {'line': b'\x1b[01m\x1b[K/home/altair/rplidarA1/ros2_ws/src/sllidar_ros2/sdk/src/sl_lidar_driver.cpp:\x1b[m\x1b[K In member function \xe2\x80\x98\x1b[01m\x1b[Ku_result sl::SlamtecLidarDriver::getScanModeCount(sl_u16&, sl_u32)\x1b[m\x1b[K\xe2\x80\x99:\n'}
[3.569630] (sllidar_ros2) StderrLine: {'line': b'\x1b[01m\x1b[K/home/altair/rplidarA1/ros2_ws/src/sllidar_ros2/sdk/src/sl_lidar_driver.cpp:1199:61:\x1b[m\x1b[K \x1b[01;35m\x1b[Kwarning: \x1b[m\x1b[Kunused parameter \xe2\x80\x98\x1b[01m\x1b[KtimeoutInMs\x1b[m\x1b[K\xe2\x80\x99 [\x1b[01;35m\x1b[K\x1b]8;;https://gcc.gnu.org/onlinedocs/gcc/Warning-Options.html#index-Wunused-parameter\x07-Wunused-parameter\x1b]8;;\x07\x1b[m\x1b[K]\n'}
[3.569753] (sllidar_ros2) StderrLine: {'line': b' 1199 |         u_result getScanModeCount(sl_u16& modeCount, \x1b[01;35m\x1b[Ksl_u32 timeoutInMs = DEFAULT_TIMEOUT\x1b[m\x1b[K)\n'}
[3.569844] (sllidar_ros2) StderrLine: {'line': b'      |                                                      \x1b[01;35m\x1b[K~~~~~~~^~~~~~~~~~~~~~~~~~~~~~~~~~~~~\x1b[m\x1b[K\n'}
[3.587059] (sllidar_ros2) StderrLine: {'line': b'\x1b[01m\x1b[K/home/altair/rplidarA1/ros2_ws/src/sllidar_ros2/sdk/src/rplidar_driver.cpp:\x1b[m\x1b[K In member function \xe2\x80\x98\x1b[01m\x1b[Ku_result rp::standalone::rplidar::RPlidarDriver::connect(const char*, _u32, _u32)\x1b[m\x1b[K\xe2\x80\x99:\n'}
[3.587378] (sllidar_ros2) StderrLine: {'line': b'\x1b[01m\x1b[K/home/altair/rplidarA1/ros2_ws/src/sllidar_ros2/sdk/src/rplidar_driver.cpp:67:77:\x1b[m\x1b[K \x1b[01;35m\x1b[Kwarning: \x1b[m\x1b[Kunused parameter \xe2\x80\x98\x1b[01m\x1b[Kflag\x1b[m\x1b[K\xe2\x80\x99 [\x1b[01;35m\x1b[K\x1b]8;;https://gcc.gnu.org/onlinedocs/gcc/Warning-Options.html#index-Wunused-parameter\x07-Wunused-parameter\x1b]8;;\x07\x1b[m\x1b[K]\n'}
[3.587566] (sllidar_ros2) StderrLine: {'line': b'   67 |     u_result RPlidarDriver::connect(const char *path, _u32 portOrBaud, \x1b[01;35m\x1b[K_u32 flag\x1b[m\x1b[K)\n'}
[3.587691] (sllidar_ros2) StderrLine: {'line': b'      |                                                                        \x1b[01;35m\x1b[K~~~~~^~~~\x1b[m\x1b[K\n'}
[3.587903] (sllidar_ros2) StderrLine: {'line': b'\x1b[01m\x1b[K/home/altair/rplidarA1/ros2_ws/src/sllidar_ros2/sdk/src/rplidar_driver.cpp:\x1b[m\x1b[K In member function \xe2\x80\x98\x1b[01m\x1b[Ku_result rp::standalone::rplidar::RPlidarDriver::reset(_u32)\x1b[m\x1b[K\xe2\x80\x99:\n'}
[3.588025] (sllidar_ros2) StderrLine: {'line': b'\x1b[01m\x1b[K/home/altair/rplidarA1/ros2_ws/src/sllidar_ros2/sdk/src/rplidar_driver.cpp:101:40:\x1b[m\x1b[K \x1b[01;35m\x1b[Kwarning: \x1b[m\x1b[Kunused parameter \xe2\x80\x98\x1b[01m\x1b[Ktimeout\x1b[m\x1b[K\xe2\x80\x99 [\x1b[01;35m\x1b[K\x1b]8;;https://gcc.gnu.org/onlinedocs/gcc/Warning-Options.html#index-Wunused-parameter\x07-Wunused-parameter\x1b]8;;\x07\x1b[m\x1b[K]\n'}
[3.588149] (sllidar_ros2) StderrLine: {'line': b'  101 |     u_result RPlidarDriver::reset(\x1b[01;35m\x1b[K_u32 timeout\x1b[m\x1b[K)\n'}
[3.588244] (sllidar_ros2) StderrLine: {'line': b'      |                                   \x1b[01;35m\x1b[K~~~~~^~~~~~~\x1b[m\x1b[K\n'}
[3.588760] (sllidar_ros2) StderrLine: {'line': b'\x1b[01m\x1b[K/home/altair/rplidarA1/ros2_ws/src/sllidar_ros2/sdk/src/rplidar_driver.cpp:\x1b[m\x1b[K In member function \xe2\x80\x98\x1b[01m\x1b[Ku_result rp::standalone::rplidar::RPlidarDriver::getScanDataWithInterval(rplidar_response_measurement_node_t*, size_t&)\x1b[m\x1b[K\xe2\x80\x99:\n'}
[3.589052] (sllidar_ros2) StderrLine: {'line': b'\x1b[01m\x1b[K/home/altair/rplidarA1/ros2_ws/src/sllidar_ros2/sdk/src/rplidar_driver.cpp:180:91:\x1b[m\x1b[K \x1b[01;35m\x1b[Kwarning: \x1b[m\x1b[Kunused parameter \xe2\x80\x98\x1b[01m\x1b[Knodebuffer\x1b[m\x1b[K\xe2\x80\x99 [\x1b[01;35m\x1b[K\x1b]8;;https://gcc.gnu.org/onlinedocs/gcc/Warning-Options.html#index-Wunused-parameter\x07-Wunused-parameter\x1b]8;;\x07\x1b[m\x1b[K]\n'}
[3.589182] (sllidar_ros2) StderrLine: {'line': b'  180 |     u_result RPlidarDriver::getScanDataWithInterval(\x1b[01;35m\x1b[Krplidar_response_measurement_node_t * nodebuffer\x1b[m\x1b[K, size_t & count)\n'}
[3.589267] (sllidar_ros2) StderrLine: {'line': b'      |                                                     \x1b[01;35m\x1b[K~~~~~~~~~~~~~~~~~~~~~~~~~~~~~~~~~~~~~~^~~~~~~~~~\x1b[m\x1b[K\n'}
[3.589349] (sllidar_ros2) StderrLine: {'line': b'\x1b[01m\x1b[K/home/altair/rplidarA1/ros2_ws/src/sllidar_ros2/sdk/src/rplidar_driver.cpp:180:112:\x1b[m\x1b[K \x1b[01;35m\x1b[Kwarning: \x1b[m\x1b[Kunused parameter \xe2\x80\x98\x1b[01m\x1b[Kcount\x1b[m\x1b[K\xe2\x80\x99 [\x1b[01;35m\x1b[K\x1b]8;;https://gcc.gnu.org/onlinedocs/gcc/Warning-Options.html#index-Wunused-parameter\x07-Wunused-parameter\x1b]8;;\x07\x1b[m\x1b[K]\n'}
[3.589439] (sllidar_ros2) StderrLine: {'line': b'  180 |     u_result RPlidarDriver::getScanDataWithInterval(rplidar_response_measurement_node_t * nodebuffer, \x1b[01;35m\x1b[Ksize_t & count\x1b[m\x1b[K)\n'}
[3.589559] (sllidar_ros2) StderrLine: {'line': b'      |                                                                                                       \x1b[01;35m\x1b[K~~~~~~~~~^~~~~\x1b[m\x1b[K\n'}
[3.625757] (sllidar_ros2) StderrLine: {'line': b'In file included from \x1b[01m\x1b[K/home/altair/rplidarA1/ros2_ws/src/sllidar_ros2/./sdk/include/sl_lidar_cmd.h:41\x1b[m\x1b[K,\n'}
[3.626065] (sllidar_ros2) StderrLine: {'line': b'                 from \x1b[01m\x1b[K/home/altair/rplidarA1/ros2_ws/src/sllidar_ros2/./sdk/include/sl_lidar_driver.h:54\x1b[m\x1b[K,\n'}
[3.626163] (sllidar_ros2) StderrLine: {'line': b'                 from \x1b[01m\x1b[K/home/altair/rplidarA1/ros2_ws/src/sllidar_ros2/sdk/src/sl_udp_channel.cpp:33\x1b[m\x1b[K:\n'}
[3.626257] (sllidar_ros2) StderrLine: {'line': b'\x1b[01m\x1b[K/home/altair/rplidarA1/ros2_ws/src/sllidar_ros2/./sdk/include/sl_lidar_protocol.h:66:16:\x1b[m\x1b[K \x1b[01;35m\x1b[Kwarning: \x1b[m\x1b[KISO C++ forbids zero-size array \xe2\x80\x98\x1b[01m\x1b[Kdata\x1b[m\x1b[K\xe2\x80\x99 [\x1b[01;35m\x1b[K\x1b]8;;https://gcc.gnu.org/onlinedocs/gcc/Warning-Options.html#index-Wpedantic\x07-Wpedantic\x1b]8;;\x07\x1b[m\x1b[K]\n'}
[3.626349] (sllidar_ros2) StderrLine: {'line': b'   66 |     sl_u8 data[\x1b[01;35m\x1b[K0\x1b[m\x1b[K];\n'}
[3.626433] (sllidar_ros2) StderrLine: {'line': b'      |                \x1b[01;35m\x1b[K^\x1b[m\x1b[K\n'}
[3.626539] (sllidar_ros2) StderrLine: {'line': b'In file included from \x1b[01m\x1b[K/home/altair/rplidarA1/ros2_ws/src/sllidar_ros2/./sdk/include/sl_lidar_driver.h:54\x1b[m\x1b[K,\n'}
[3.626633] (sllidar_ros2) StderrLine: {'line': b'                 from \x1b[01m\x1b[K/home/altair/rplidarA1/ros2_ws/src/sllidar_ros2/sdk/src/sl_udp_channel.cpp:33\x1b[m\x1b[K:\n'}
[3.626724] (sllidar_ros2) StderrLine: {'line': b'\x1b[01m\x1b[K/home/altair/rplidarA1/ros2_ws/src/sllidar_ros2/./sdk/include/sl_lidar_cmd.h:324:20:\x1b[m\x1b[K \x1b[01;35m\x1b[Kwarning: \x1b[m\x1b[KISO C++ forbids zero-size array \xe2\x80\x98\x1b[01m\x1b[Kpayload\x1b[m\x1b[K\xe2\x80\x99 [\x1b[01;35m\x1b[K\x1b]8;;https://gcc.gnu.org/onlinedocs/gcc/Warning-Options.html#index-Wpedantic\x07-Wpedantic\x1b]8;;\x07\x1b[m\x1b[K]\n'}
[3.626841] (sllidar_ros2) StderrLine: {'line': b'  324 |     sl_u8  payload[\x1b[01;35m\x1b[K0\x1b[m\x1b[K];\n'}
[3.626942] (sllidar_ros2) StderrLine: {'line': b'      |                    \x1b[01;35m\x1b[K^\x1b[m\x1b[K\n'}
[3.627663] (-) TimerEvent: {}
[3.630061] (sllidar_ros2) StderrLine: {'line': b'\x1b[01m\x1b[K/home/altair/rplidarA1/ros2_ws/src/sllidar_ros2/sdk/src/sl_udp_channel.cpp:\x1b[m\x1b[K In member function \xe2\x80\x98\x1b[01m\x1b[Kvoid sl::UdpChannel::setStatus(_u32)\x1b[m\x1b[K\xe2\x80\x99:\n'}
[3.630327] (sllidar_ros2) StderrLine: {'line': b'\x1b[01m\x1b[K/home/altair/rplidarA1/ros2_ws/src/sllidar_ros2/sdk/src/sl_udp_channel.cpp:112:29:\x1b[m\x1b[K \x1b[01;35m\x1b[Kwarning: \x1b[m\x1b[Kunused parameter \xe2\x80\x98\x1b[01m\x1b[Kflag\x1b[m\x1b[K\xe2\x80\x99 [\x1b[01;35m\x1b[K\x1b]8;;https://gcc.gnu.org/onlinedocs/gcc/Warning-Options.html#index-Wunused-parameter\x07-Wunused-parameter\x1b]8;;\x07\x1b[m\x1b[K]\n'}
[3.630491] (sllidar_ros2) StderrLine: {'line': b'  112 |         void setStatus(\x1b[01;35m\x1b[K_u32 flag\x1b[m\x1b[K){}\n'}
[3.630597] (sllidar_ros2) StderrLine: {'line': b'      |                        \x1b[01;35m\x1b[K~~~~~^~~~\x1b[m\x1b[K\n'}
[3.630788] (sllidar_ros2) StderrLine: {'line': b'/home/altair/rplidarA1/ros2_ws/src/sllidar_ros2/sdk/src/sl_lidar_driver.cpp: In instantiation of \xe2\x80\x98\x1b[01m\x1b[Kvoid sl::RawSampleNodeHolder<T>::pushNode(_u64, const T*) [with T = sl_lidar_response_measurement_node_hq_t; _u64 = long unsigned int]\x1b[m\x1b[K\xe2\x80\x99:\n'}
[3.630893] (sllidar_ros2) StderrLine: {'line': b'\x1b[01m\x1b[K/home/altair/rplidarA1/ros2_ws/src/sllidar_ros2/sdk/src/sl_lidar_driver.cpp:1648:42:\x1b[m\x1b[K   required from here\n'}
[3.630984] (sllidar_ros2) StderrLine: {'line': b'\x1b[01m\x1b[K/home/altair/rplidarA1/ros2_ws/src/sllidar_ros2/sdk/src/sl_lidar_driver.cpp:202:28:\x1b[m\x1b[K \x1b[01;35m\x1b[Kwarning: \x1b[m\x1b[Kunused parameter \xe2\x80\x98\x1b[01m\x1b[Ktimestamp_uS\x1b[m\x1b[K\xe2\x80\x99 [\x1b[01;35m\x1b[K\x1b]8;;https://gcc.gnu.org/onlinedocs/gcc/Warning-Options.html#index-Wunused-parameter\x07-Wunused-parameter\x1b]8;;\x07\x1b[m\x1b[K]\n'}
[3.631076] (sllidar_ros2) StderrLine: {'line': b'  202 |         void pushNode(\x1b[01;35m\x1b[K_u64 timestamp_uS\x1b[m\x1b[K, const T* node)\n'}
[3.631185] (sllidar_ros2) StderrLine: {'line': b'      |                       \x1b[01;35m\x1b[K~~~~~^~~~~~~~~~~~\x1b[m\x1b[K\n'}
[3.727801] (-) TimerEvent: {}
[3.765705] (sllidar_ros2) StderrLine: {'line': b'\x1b[01m\x1b[K/home/altair/rplidarA1/ros2_ws/src/sllidar_ros2/sdk/src/sl_lidar_driver.cpp:\x1b[m\x1b[K At global scope:\n'}
[3.765972] (sllidar_ros2) StderrLine: {'line': b'\x1b[01m\x1b[K/home/altair/rplidarA1/ros2_ws/src/sllidar_ros2/sdk/src/sl_lidar_driver.cpp:83:17:\x1b[m\x1b[K \x1b[01;35m\x1b[Kwarning: \x1b[m\x1b[K\xe2\x80\x98\x1b[01m\x1b[Kvoid sl::convert(const sl_lidar_response_measurement_node_hq_t&, sl_lidar_response_measurement_node_t&)\x1b[m\x1b[K\xe2\x80\x99 defined but not used [\x1b[01;35m\x1b[K\x1b]8;;https://gcc.gnu.org/onlinedocs/gcc/Warning-Options.html#index-Wunused-function\x07-Wunused-function\x1b]8;;\x07\x1b[m\x1b[K]\n'}
[3.766101] (sllidar_ros2) StderrLine: {'line': b'   83 |     static void \x1b[01;35m\x1b[Kconvert\x1b[m\x1b[K(const sl_lidar_response_measurement_node_hq_t& from, sl_lidar_response_measurement_node_t& to)\n'}
[3.766208] (sllidar_ros2) StderrLine: {'line': b'      |                 \x1b[01;35m\x1b[K^~~~~~~\x1b[m\x1b[K\n'}
[3.766306] (sllidar_ros2) StderrLine: {'line': b'\x1b[01m\x1b[K/home/altair/rplidarA1/ros2_ws/src/sllidar_ros2/sdk/src/sl_lidar_driver.cpp:75:17:\x1b[m\x1b[K \x1b[01;35m\x1b[Kwarning: \x1b[m\x1b[K\xe2\x80\x98\x1b[01m\x1b[Kvoid sl::convert(const sl_lidar_response_measurement_node_t&, sl_lidar_response_measurement_node_hq_t&)\x1b[m\x1b[K\xe2\x80\x99 defined but not used [\x1b[01;35m\x1b[K\x1b]8;;https://gcc.gnu.org/onlinedocs/gcc/Warning-Options.html#index-Wunused-function\x07-Wunused-function\x1b]8;;\x07\x1b[m\x1b[K]\n'}
[3.766436] (sllidar_ros2) StderrLine: {'line': b'   75 |     static void \x1b[01;35m\x1b[Kconvert\x1b[m\x1b[K(const sl_lidar_response_measurement_node_t& from, sl_lidar_response_measurement_node_hq_t& to)\n'}
[3.766589] (sllidar_ros2) StderrLine: {'line': b'      |                 \x1b[01;35m\x1b[K^~~~~~~\x1b[m\x1b[K\n'}
[3.766653] (sllidar_ros2) StderrLine: {'line': b'\x1b[01m\x1b[K/home/altair/rplidarA1/ros2_ws/src/sllidar_ros2/sdk/src/sl_lidar_driver.cpp:70:17:\x1b[m\x1b[K \x1b[01;35m\x1b[Kwarning: \x1b[m\x1b[K\xe2\x80\x98\x1b[01m\x1b[Kvoid sl::printDeprecationWarn(const char*, const char*)\x1b[m\x1b[K\xe2\x80\x99 defined but not used [\x1b[01;35m\x1b[K\x1b]8;;https://gcc.gnu.org/onlinedocs/gcc/Warning-Options.html#index-Wunused-function\x07-Wunused-function\x1b]8;;\x07\x1b[m\x1b[K]\n'}
[3.766711] (sllidar_ros2) StderrLine: {'line': b'   70 |     static void \x1b[01;35m\x1b[KprintDeprecationWarn\x1b[m\x1b[K(const char* fn, const char* replacement)\n'}
[3.766760] (sllidar_ros2) StderrLine: {'line': b'      |                 \x1b[01;35m\x1b[K^~~~~~~~~~~~~~~~~~~~\x1b[m\x1b[K\n'}
[3.827941] (-) TimerEvent: {}
[3.928347] (-) TimerEvent: {}
[4.028713] (-) TimerEvent: {}
[4.129036] (-) TimerEvent: {}
[4.229347] (-) TimerEvent: {}
[4.329742] (-) TimerEvent: {}
[4.430150] (-) TimerEvent: {}
[4.530539] (-) TimerEvent: {}
[4.630893] (-) TimerEvent: {}
[4.731262] (-) TimerEvent: {}
[4.831648] (-) TimerEvent: {}
[4.932046] (-) TimerEvent: {}
[5.032390] (-) TimerEvent: {}
[5.132758] (-) TimerEvent: {}
[5.233113] (-) TimerEvent: {}
[5.333487] (-) TimerEvent: {}
[5.433843] (-) TimerEvent: {}
[5.451669] (sllidar_ros2) StderrLine: {'line': b'In file included from \x1b[01m\x1b[K/home/altair/rplidarA1/ros2_ws/src/sllidar_ros2/./sdk/include/sl_lidar_cmd.h:41\x1b[m\x1b[K,\n'}
[5.452011] (sllidar_ros2) StderrLine: {'line': b'                 from \x1b[01m\x1b[K/home/altair/rplidarA1/ros2_ws/src/sllidar_ros2/./sdk/include/sl_lidar_driver.h:54\x1b[m\x1b[K,\n'}
[5.452122] (sllidar_ros2) StderrLine: {'line': b'                 from \x1b[01m\x1b[K/home/altair/rplidarA1/ros2_ws/src/sllidar_ros2/./sdk/include/sl_lidar.h:36\x1b[m\x1b[K,\n'}
[5.452212] (sllidar_ros2) StderrLine: {'line': b'                 from \x1b[01m\x1b[K/home/altair/rplidarA1/ros2_ws/src/sllidar_ros2/src/sllidar_node.cpp:38\x1b[m\x1b[K:\n'}
[5.452298] (sllidar_ros2) StderrLine: {'line': b'\x1b[01m\x1b[K/home/altair/rplidarA1/ros2_ws/src/sllidar_ros2/./sdk/include/sl_lidar_protocol.h:66:16:\x1b[m\x1b[K \x1b[01;35m\x1b[Kwarning: \x1b[m\x1b[KISO C++ forbids zero-size array \xe2\x80\x98\x1b[01m\x1b[Kdata\x1b[m\x1b[K\xe2\x80\x99 [\x1b[01;35m\x1b[K\x1b]8;;https://gcc.gnu.org/onlinedocs/gcc/Warning-Options.html#index-Wpedantic\x07-Wpedantic\x1b]8;;\x07\x1b[m\x1b[K]\n'}
[5.452392] (sllidar_ros2) StderrLine: {'line': b'   66 |     sl_u8 data[\x1b[01;35m\x1b[K0\x1b[m\x1b[K];\n'}
[5.452502] (sllidar_ros2) StderrLine: {'line': b'      |                \x1b[01;35m\x1b[K^\x1b[m\x1b[K\n'}
[5.452627] (sllidar_ros2) StderrLine: {'line': b'In file included from \x1b[01m\x1b[K/home/altair/rplidarA1/ros2_ws/src/sllidar_ros2/./sdk/include/sl_lidar_driver.h:54\x1b[m\x1b[K,\n'}
[5.452713] (sllidar_ros2) StderrLine: {'line': b'                 from \x1b[01m\x1b[K/home/altair/rplidarA1/ros2_ws/src/sllidar_ros2/./sdk/include/sl_lidar.h:36\x1b[m\x1b[K,\n'}
[5.452797] (sllidar_ros2) StderrLine: {'line': b'                 from \x1b[01m\x1b[K/home/altair/rplidarA1/ros2_ws/src/sllidar_ros2/src/sllidar_node.cpp:38\x1b[m\x1b[K:\n'}
[5.452891] (sllidar_ros2) StderrLine: {'line': b'\x1b[01m\x1b[K/home/altair/rplidarA1/ros2_ws/src/sllidar_ros2/./sdk/include/sl_lidar_cmd.h:324:20:\x1b[m\x1b[K \x1b[01;35m\x1b[Kwarning: \x1b[m\x1b[KISO C++ forbids zero-size array \xe2\x80\x98\x1b[01m\x1b[Kpayload\x1b[m\x1b[K\xe2\x80\x99 [\x1b[01;35m\x1b[K\x1b]8;;https://gcc.gnu.org/onlinedocs/gcc/Warning-Options.html#index-Wpedantic\x07-Wpedantic\x1b]8;;\x07\x1b[m\x1b[K]\n'}
[5.452983] (sllidar_ros2) StderrLine: {'line': b'  324 |     sl_u8  payload[\x1b[01;35m\x1b[K0\x1b[m\x1b[K];\n'}
[5.453077] (sllidar_ros2) StderrLine: {'line': b'      |                    \x1b[01;35m\x1b[K^\x1b[m\x1b[K\n'}
[5.533955] (-) TimerEvent: {}
[5.634248] (-) TimerEvent: {}
[5.734554] (-) TimerEvent: {}
[5.834824] (-) TimerEvent: {}
[5.935120] (-) TimerEvent: {}
[6.035489] (-) TimerEvent: {}
[6.135858] (-) TimerEvent: {}
[6.236182] (-) TimerEvent: {}
[6.336497] (-) TimerEvent: {}
[6.436873] (-) TimerEvent: {}
[6.537232] (-) TimerEvent: {}
[6.637563] (-) TimerEvent: {}
[6.737898] (-) TimerEvent: {}
[6.838247] (-) TimerEvent: {}
[6.938632] (-) TimerEvent: {}
[7.039006] (-) TimerEvent: {}
[7.139414] (-) TimerEvent: {}
[7.239844] (-) TimerEvent: {}
[7.340221] (-) TimerEvent: {}
[7.440607] (-) TimerEvent: {}
[7.541010] (-) TimerEvent: {}
[7.641388] (-) TimerEvent: {}
[7.741796] (-) TimerEvent: {}
[7.755923] (sllidar_ros2) StdoutLine: {'line': b'[ 95%] \x1b[32m\x1b[1mLinking CXX executable sllidar_node\x1b[0m\n'}
[7.841939] (-) TimerEvent: {}
[7.942330] (-) TimerEvent: {}
[8.037618] (sllidar_ros2) StdoutLine: {'line': b'[ 95%] Built target sllidar_node\n'}
[8.042439] (-) TimerEvent: {}
[8.142755] (-) TimerEvent: {}
[8.243054] (-) TimerEvent: {}
[8.343359] (-) TimerEvent: {}
[8.443715] (-) TimerEvent: {}
[8.544018] (-) TimerEvent: {}
[8.644355] (-) TimerEvent: {}
[8.744783] (-) TimerEvent: {}
[8.845156] (-) TimerEvent: {}
[8.945600] (-) TimerEvent: {}
[9.046050] (-) TimerEvent: {}
[9.146501] (-) TimerEvent: {}
[9.246923] (-) TimerEvent: {}
[9.347349] (-) TimerEvent: {}
[9.447801] (-) TimerEvent: {}
[9.548226] (-) TimerEvent: {}
[9.648689] (-) TimerEvent: {}
[9.749062] (-) TimerEvent: {}
[9.849354] (-) TimerEvent: {}
[9.949712] (-) TimerEvent: {}
[10.050052] (-) TimerEvent: {}
[10.150447] (-) TimerEvent: {}
[10.229680] (sllidar_ros2) StdoutLine: {'line': b'[100%] \x1b[32m\x1b[1mLinking CXX executable sllidar_client\x1b[0m\n'}
[10.250606] (-) TimerEvent: {}
[10.350935] (-) TimerEvent: {}
[10.451266] (-) TimerEvent: {}
[10.551698] (-) TimerEvent: {}
[10.652091] (-) TimerEvent: {}
[10.683542] (sllidar_ros2) StdoutLine: {'line': b'[100%] Built target sllidar_client\n'}
[10.691786] (sllidar_ros2) CommandEnded: {'returncode': 0}
[10.692614] (sllidar_ros2) JobProgress: {'identifier': 'sllidar_ros2', 'progress': 'install'}
[10.698124] (sllidar_ros2) Command: {'cmd': ['/usr/bin/cmake', '--install', '/home/altair/rplidarA1/build/sllidar_ros2'], 'cwd': '/home/altair/rplidarA1/build/sllidar_ros2', 'env': OrderedDict([('GJS_DEBUG_TOPICS', 'JS ERROR;JS LOG'), ('LESSOPEN', '| /usr/bin/lesspipe %s'), ('LANGUAGE', 'ja_JP'), ('USER', 'altair'), ('XDG_SESSION_TYPE', 'x11'), ('SHLVL', '1'), ('LD_LIBRARY_PATH', '/usr/local/lib:/opt/ros/humble/opt/rviz_ogre_vendor/lib:/opt/ros/humble/lib/x86_64-linux-gnu:/opt/ros/humble/lib'), ('HOME', '/home/altair'), ('OLDPWD', '/home/altair'), ('TERM_PROGRAM_VERSION', '20240203-110809-5046fc22'), ('DESKTOP_SESSION', 'ubuntu'), ('NVM_BIN', '/home/altair/.nvm/versions/node/v14.21.3/bin'), ('NVM_INC', '/home/altair/.nvm/versions/node/v14.21.3/include/node'), ('GIO_LAUNCHED_DESKTOP_FILE', '/usr/share/applications/org.wezfurlong.wezterm.desktop'), ('ROS_PYTHON_VERSION', '3'), ('GNOME_SHELL_SESSION_MODE', 'ubuntu'), ('GTK_MODULES', 'gail:atk-bridge'), ('XDG_SEAT_PATH', '/org/freedesktop/DisplayManager/Seat0'), ('MANAGERPID', '992'), ('SYSTEMD_EXEC_PID', '5400'), ('DBUS_SESSION_BUS_ADDRESS', 'unix:path=/run/user/1000/bus'), ('COLORTERM', 'truecolor'), ('GIO_LAUNCHED_DESKTOP_FILE_PID', '6337'), ('NVM_DIR', '/home/altair/.nvm'), ('WEZTERM_EXECUTABLE', '/usr/bin/wezterm-gui'), ('IM_CONFIG_PHASE', '1'), ('COLCON_PREFIX_PATH', '/home/altair/rplidarA1/ros2_ws/install'), ('ROS_DISTRO', 'humble'), ('GTK_IM_MODULE', 'ibus'), ('LOGNAME', 'altair'), ('JOURNAL_STREAM', '8:14292'), ('_', '/usr/bin/colcon'), ('ROS_VERSION', '2'), ('XDG_SESSION_CLASS', 'user'), ('TERM', 'xterm-256color'), ('GNOME_DESKTOP_SESSION_ID', 'this-is-deprecated'), ('WEZTERM_CONFIG_FILE', '/home/altair/.wezterm.lua'), ('ROS_LOCALHOST_ONLY', '0'), ('HISTCONTROL', 'ignoredups:'), ('WEZTERM_EXECUTABLE_DIR', '/usr/bin'), ('PATH', '/home/altair/.local/bin:/home/altair/spresenseenv/usr/bin:/home/altair/.nvm/versions/node/v14.21.3/bin:/opt/ros/humble/bin:/home/altair/.local/bin:/usr/local/sbin:/usr/local/bin:/usr/sbin:/usr/bin:/sbin:/bin:/usr/games:/usr/local/games:/snap/bin:/snap/bin:/home/altair/command:/home/altair/.local/bin'), ('SESSION_MANAGER', 'local/altair-HCAR5000-MI:@/tmp/.ICE-unix/5370,unix/altair-HCAR5000-MI:/tmp/.ICE-unix/5370'), ('GDM_LANG', 'ja_JP'), ('INVOCATION_ID', '97c49907982e4544a857ef33d3fec5f6'), ('XDG_SESSION_PATH', '/org/freedesktop/DisplayManager/Session0'), ('XDG_MENU_PREFIX', 'gnome-'), ('XDG_RUNTIME_DIR', '/run/user/1000'), ('DISPLAY', ':0'), ('LANG', 'ja_JP.UTF-8'), ('XDG_CURRENT_DESKTOP', 'ubuntu:GNOME'), ('XMODIFIERS', '@im=ibus'), ('XDG_SESSION_DESKTOP', 'ubuntu'), ('XAUTHORITY', '/home/altair/.Xauthority'), ('LS_COLORS', 'rs=0:di=01;34:ln=01;36:mh=00:pi=40;33:so=01;35:do=01;35:bd=40;33;01:cd=40;33;01:or=40;31;01:mi=00:su=37;41:sg=30;43:ca=30;41:tw=30;42:ow=34;42:st=37;44:ex=01;32:*.tar=01;31:*.tgz=01;31:*.arc=01;31:*.arj=01;31:*.taz=01;31:*.lha=01;31:*.lz4=01;31:*.lzh=01;31:*.lzma=01;31:*.tlz=01;31:*.txz=01;31:*.tzo=01;31:*.t7z=01;31:*.zip=01;31:*.z=01;31:*.dz=01;31:*.gz=01;31:*.lrz=01;31:*.lz=01;31:*.lzo=01;31:*.xz=01;31:*.zst=01;31:*.tzst=01;31:*.bz2=01;31:*.bz=01;31:*.tbz=01;31:*.tbz2=01;31:*.tz=01;31:*.deb=01;31:*.rpm=01;31:*.jar=01;31:*.war=01;31:*.ear=01;31:*.sar=01;31:*.rar=01;31:*.alz=01;31:*.ace=01;31:*.zoo=01;31:*.cpio=01;31:*.7z=01;31:*.rz=01;31:*.cab=01;31:*.wim=01;31:*.swm=01;31:*.dwm=01;31:*.esd=01;31:*.jpg=01;35:*.jpeg=01;35:*.mjpg=01;35:*.mjpeg=01;35:*.gif=01;35:*.bmp=01;35:*.pbm=01;35:*.pgm=01;35:*.ppm=01;35:*.tga=01;35:*.xbm=01;35:*.xpm=01;35:*.tif=01;35:*.tiff=01;35:*.png=01;35:*.svg=01;35:*.svgz=01;35:*.mng=01;35:*.pcx=01;35:*.mov=01;35:*.mpg=01;35:*.mpeg=01;35:*.m2v=01;35:*.mkv=01;35:*.webm=01;35:*.webp=01;35:*.ogm=01;35:*.mp4=01;35:*.m4v=01;35:*.mp4v=01;35:*.vob=01;35:*.qt=01;35:*.nuv=01;35:*.wmv=01;35:*.asf=01;35:*.rm=01;35:*.rmvb=01;35:*.flc=01;35:*.avi=01;35:*.fli=01;35:*.flv=01;35:*.gl=01;35:*.dl=01;35:*.xcf=01;35:*.xwd=01;35:*.yuv=01;35:*.cgm=01;35:*.emf=01;35:*.ogv=01;35:*.ogx=01;35:*.aac=00;36:*.au=00;36:*.flac=00;36:*.m4a=00;36:*.mid=00;36:*.midi=00;36:*.mka=00;36:*.mp3=00;36:*.mpc=00;36:*.ogg=00;36:*.ra=00;36:*.wav=00;36:*.oga=00;36:*.opus=00;36:*.spx=00;36:*.xspf=00;36:'), ('TERM_PROGRAM', 'WezTerm'), ('SSH_AGENT_LAUNCHER', 'gnome-keyring'), ('SSH_AUTH_SOCK', '/run/user/1000/keyring/ssh'), ('ROS_DOMAIN_ID', '0'), ('XDG_GREETER_DATA_DIR', '/var/lib/lightdm-data/altair'), ('AMENT_PREFIX_PATH', '/home/altair/rplidarA1/ros2_ws/install/sllidar_ros2:/home/altair/rplidarA1/ros2_ws/install/lidar_processing:/home/altair/rplidarA1/ros2_ws/install/altair_robot:/opt/ros/humble'), ('SHELL', '/bin/bash'), ('QT_ACCESSIBILITY', '1'), ('GDMSESSION', 'ubuntu'), ('LESSCLOSE', '/usr/bin/lesspipe %s %s'), ('GPG_AGENT_INFO', '/run/user/1000/gnupg/S.gpg-agent:0:1'), ('GJS_DEBUG_OUTPUT', 'stderr'), ('WEZTERM_CONFIG_DIR', '/home/altair'), ('QT_IM_MODULE', 'ibus'), ('PWD', '/home/altair/rplidarA1/build/sllidar_ros2'), ('LC_ALL', 'ja_JP.UTF-8'), ('XDG_CONFIG_DIRS', '/etc/xdg/xdg-ubuntu:/etc/xdg'), ('NVM_CD_FLAGS', ''), ('XDG_DATA_DIRS', '/usr/share/ubuntu:/usr/share/gnome:/usr/local/share:/usr/share:/var/lib/snapd/desktop'), ('WEZTERM_UNIX_SOCKET', '/run/user/1000/wezterm/gui-sock-6337'), ('PYTHONPATH', '/home/altair/rplidarA1/ros2_ws/build/lidar_processing:/home/altair/rplidarA1/ros2_ws/install/lidar_processing/lib/python3.10/site-packages:/home/altair/rplidarA1/ros2_ws/build/altair_robot:/home/altair/rplidarA1/ros2_ws/install/altair_robot/lib/python3.10/site-packages:/opt/ros/humble/lib/python3.10/site-packages:/opt/ros/humble/local/lib/python3.10/dist-packages'), ('WEZTERM_PANE', '0'), ('COLCON', '1'), ('CMAKE_PREFIX_PATH', '/home/altair/rplidarA1/ros2_ws/install/sllidar_ros2:/home/altair/rplidarA1/ros2_ws/install/lidar_processing:/home/altair/rplidarA1/ros2_ws/install/altair_robot:/opt/ros/humble')]), 'shell': False}
[10.701798] (sllidar_ros2) StdoutLine: {'line': b'-- Install configuration: ""\n'}
[10.702174] (sllidar_ros2) StdoutLine: {'line': b'-- Execute custom install script\n'}
[10.702815] (sllidar_ros2) StdoutLine: {'line': b'-- Symlinking: /home/altair/rplidarA1/install/sllidar_ros2/share/sllidar_ros2/launch/sllidar_a1_launch.py\n'}
[10.706700] (sllidar_ros2) StdoutLine: {'line': b'-- Symlinking: /home/altair/rplidarA1/install/sllidar_ros2/share/sllidar_ros2/launch/sllidar_a2m12_launch .py\n'}
[10.711488] (sllidar_ros2) StdoutLine: {'line': b'-- Symlinking: /home/altair/rplidarA1/install/sllidar_ros2/share/sllidar_ros2/launch/sllidar_a2m7_launch.py\n'}
[10.715612] (sllidar_ros2) StdoutLine: {'line': b'-- Symlinking: /home/altair/rplidarA1/install/sllidar_ros2/share/sllidar_ros2/launch/sllidar_a2m8_launch.py\n'}
[10.720490] (sllidar_ros2) StdoutLine: {'line': b'-- Symlinking: /home/altair/rplidarA1/install/sllidar_ros2/share/sllidar_ros2/launch/sllidar_a3_launch.py\n'}
[10.724979] (sllidar_ros2) StdoutLine: {'line': b'-- Symlinking: /home/altair/rplidarA1/install/sllidar_ros2/share/sllidar_ros2/launch/sllidar_c1_launch.py\n'}
[10.728814] (sllidar_ros2) StdoutLine: {'line': b'-- Symlinking: /home/altair/rplidarA1/install/sllidar_ros2/share/sllidar_ros2/launch/sllidar_s1_launch.py\n'}
[10.732507] (sllidar_ros2) StdoutLine: {'line': b'-- Symlinking: /home/altair/rplidarA1/install/sllidar_ros2/share/sllidar_ros2/launch/sllidar_s1_tcp_launch.py\n'}
[10.737276] (sllidar_ros2) StdoutLine: {'line': b'-- Symlinking: /home/altair/rplidarA1/install/sllidar_ros2/share/sllidar_ros2/launch/sllidar_s2_launch.py\n'}
[10.741396] (sllidar_ros2) StdoutLine: {'line': b'-- Symlinking: /home/altair/rplidarA1/install/sllidar_ros2/share/sllidar_ros2/launch/sllidar_s2e_launch.py\n'}
[10.745249] (sllidar_ros2) StdoutLine: {'line': b'-- Symlinking: /home/altair/rplidarA1/install/sllidar_ros2/share/sllidar_ros2/launch/sllidar_s3_launch.py\n'}
[10.748849] (sllidar_ros2) StdoutLine: {'line': b'-- Symlinking: /home/altair/rplidarA1/install/sllidar_ros2/share/sllidar_ros2/launch/sllidar_t1_launch.py\n'}
[10.752168] (-) TimerEvent: {}
[10.752430] (sllidar_ros2) StdoutLine: {'line': b'-- Symlinking: /home/altair/rplidarA1/install/sllidar_ros2/share/sllidar_ros2/launch/view_sllidar_a1_launch.py\n'}
[10.755940] (sllidar_ros2) StdoutLine: {'line': b'-- Symlinking: /home/altair/rplidarA1/install/sllidar_ros2/share/sllidar_ros2/launch/view_sllidar_a2m12_launch.py\n'}
[10.760938] (sllidar_ros2) StdoutLine: {'line': b'-- Symlinking: /home/altair/rplidarA1/install/sllidar_ros2/share/sllidar_ros2/launch/view_sllidar_a2m7_launch.py\n'}
[10.765992] (sllidar_ros2) StdoutLine: {'line': b'-- Symlinking: /home/altair/rplidarA1/install/sllidar_ros2/share/sllidar_ros2/launch/view_sllidar_a2m8_launch.py\n'}
[10.769571] (sllidar_ros2) StdoutLine: {'line': b'-- Symlinking: /home/altair/rplidarA1/install/sllidar_ros2/share/sllidar_ros2/launch/view_sllidar_a3_launch.py\n'}
[10.774087] (sllidar_ros2) StdoutLine: {'line': b'-- Symlinking: /home/altair/rplidarA1/install/sllidar_ros2/share/sllidar_ros2/launch/view_sllidar_c1_launch.py\n'}
[10.778169] (sllidar_ros2) StdoutLine: {'line': b'-- Symlinking: /home/altair/rplidarA1/install/sllidar_ros2/share/sllidar_ros2/launch/view_sllidar_s1_launch.py\n'}
[10.782011] (sllidar_ros2) StdoutLine: {'line': b'-- Symlinking: /home/altair/rplidarA1/install/sllidar_ros2/share/sllidar_ros2/launch/view_sllidar_s1_tcp_launch.py\n'}
[10.785786] (sllidar_ros2) StdoutLine: {'line': b'-- Symlinking: /home/altair/rplidarA1/install/sllidar_ros2/share/sllidar_ros2/launch/view_sllidar_s2_launch.py\n'}
[10.789805] (sllidar_ros2) StdoutLine: {'line': b'-- Symlinking: /home/altair/rplidarA1/install/sllidar_ros2/share/sllidar_ros2/launch/view_sllidar_s2e_launch.py\n'}
[10.794102] (sllidar_ros2) StdoutLine: {'line': b'-- Symlinking: /home/altair/rplidarA1/install/sllidar_ros2/share/sllidar_ros2/launch/view_sllidar_s3_launch.py\n'}
[10.797661] (sllidar_ros2) StdoutLine: {'line': b'-- Symlinking: /home/altair/rplidarA1/install/sllidar_ros2/share/sllidar_ros2/launch/view_sllidar_t1_launch.py\n'}
[10.802355] (sllidar_ros2) StdoutLine: {'line': b'-- Symlinking: /home/altair/rplidarA1/install/sllidar_ros2/share/sllidar_ros2/rviz/sllidar_ros2.rviz\n'}
[10.808259] (sllidar_ros2) StdoutLine: {'line': b'-- Symlinking: /home/altair/rplidarA1/install/sllidar_ros2/lib/sllidar_ros2/sllidar_node\n'}
[10.812257] (sllidar_ros2) StdoutLine: {'line': b'-- Symlinking: /home/altair/rplidarA1/install/sllidar_ros2/lib/sllidar_ros2/sllidar_client\n'}
[10.816962] (sllidar_ros2) StdoutLine: {'line': b'-- Symlinking: /home/altair/rplidarA1/install/sllidar_ros2/share/ament_index/resource_index/package_run_dependencies/sllidar_ros2\n'}
[10.820762] (sllidar_ros2) StdoutLine: {'line': b'-- Symlinking: /home/altair/rplidarA1/install/sllidar_ros2/share/ament_index/resource_index/parent_prefix_path/sllidar_ros2\n'}
[10.824708] (sllidar_ros2) StdoutLine: {'line': b'-- Symlinking: /home/altair/rplidarA1/install/sllidar_ros2/share/sllidar_ros2/environment/ament_prefix_path.sh\n'}
[10.828870] (sllidar_ros2) StdoutLine: {'line': b'-- Symlinking: /home/altair/rplidarA1/install/sllidar_ros2/share/sllidar_ros2/environment/ament_prefix_path.dsv\n'}
[10.832841] (sllidar_ros2) StdoutLine: {'line': b'-- Symlinking: /home/altair/rplidarA1/install/sllidar_ros2/share/sllidar_ros2/environment/path.sh\n'}
[10.836921] (sllidar_ros2) StdoutLine: {'line': b'-- Symlinking: /home/altair/rplidarA1/install/sllidar_ros2/share/sllidar_ros2/environment/path.dsv\n'}
[10.841930] (sllidar_ros2) StdoutLine: {'line': b'-- Symlinking: /home/altair/rplidarA1/install/sllidar_ros2/share/sllidar_ros2/local_setup.bash\n'}
[10.845974] (sllidar_ros2) StdoutLine: {'line': b'-- Symlinking: /home/altair/rplidarA1/install/sllidar_ros2/share/sllidar_ros2/local_setup.sh\n'}
[10.850494] (sllidar_ros2) StdoutLine: {'line': b'-- Symlinking: /home/altair/rplidarA1/install/sllidar_ros2/share/sllidar_ros2/local_setup.zsh\n'}
[10.852268] (-) TimerEvent: {}
[10.854491] (sllidar_ros2) StdoutLine: {'line': b'-- Symlinking: /home/altair/rplidarA1/install/sllidar_ros2/share/sllidar_ros2/local_setup.dsv\n'}
[10.858764] (sllidar_ros2) StdoutLine: {'line': b'-- Symlinking: /home/altair/rplidarA1/install/sllidar_ros2/share/sllidar_ros2/package.dsv\n'}
[10.863614] (sllidar_ros2) StdoutLine: {'line': b'-- Symlinking: /home/altair/rplidarA1/install/sllidar_ros2/share/ament_index/resource_index/packages/sllidar_ros2\n'}
[10.870765] (sllidar_ros2) StdoutLine: {'line': b'-- Symlinking: /home/altair/rplidarA1/install/sllidar_ros2/share/sllidar_ros2/cmake/ament_cmake_export_dependencies-extras.cmake\n'}
[10.877189] (sllidar_ros2) StdoutLine: {'line': b'-- Symlinking: /home/altair/rplidarA1/install/sllidar_ros2/share/sllidar_ros2/cmake/ament_cmake_export_include_directories-extras.cmake\n'}
[10.880995] (sllidar_ros2) StdoutLine: {'line': b'-- Symlinking: /home/altair/rplidarA1/install/sllidar_ros2/share/sllidar_ros2/cmake/sllidar_ros2Config.cmake\n'}
[10.884978] (sllidar_ros2) StdoutLine: {'line': b'-- Symlinking: /home/altair/rplidarA1/install/sllidar_ros2/share/sllidar_ros2/cmake/sllidar_ros2Config-version.cmake\n'}
[10.889785] (sllidar_ros2) StdoutLine: {'line': b'-- Symlinking: /home/altair/rplidarA1/install/sllidar_ros2/share/sllidar_ros2/package.xml\n'}
[10.896668] (sllidar_ros2) CommandEnded: {'returncode': 0}
[10.907077] (sllidar_ros2) JobEnded: {'identifier': 'sllidar_ros2', 'rc': 0}
[10.909720] (-) EventReactorShutdown: {}
